1,Akola,1,
2,Jaipur(F&V),2,
3,Ujjain,3,
4,Cuddapah,30,
5,Vijayanagaram,30,
6,Narasannapet,30,
7,Peddapuram,30,
8,Kaikaluru,30,
9,Gudiwada,30,
10,Narasaraopet,30,
11,Chilakaluripet,30,
12,Darsi,30,
13,Palamaner,30,
14,Badvel,30,
15,Rayachoti,30,
16,Penukonda,30,
17,Dharmavaram,30,
18,Allagadda,30,
19,Nandikotkur,30,
20,Achanta,30,
21,Addanki,30,
22,Adoni,30,
23,Akiveedu,30,
24,Alamuru,30,
25,Allavaram,30,
26,Alur,30,
27,Ambajipeta,30,
28,Amadalavalasa,30,
29,Anantapur,30,
30,Visakhapatnam,30,
31,Atmakur,30,
32,Attili,30,
33,Bangarupalem,30,
34,Banaganapalli,30,
35,Bapatla,30,
36,Bhimunipatnam,30,
37,Bhimadole,30,
38,Bobbili,30,
39,Chipurupalli,30,
40,Chittoor,30,
41,Chintapally,30,
42,Chirala,30,
43,Cumbum(AP),30,
44,Dhone,30,
45,Divi,30,
46,Eluru,30,
47,Gajapathinagaram,30,
48,Giddalur,30,
49,Gooti,30,
50,Gopalavaram,30,
51,Gudur,30,
52,Guntakal,30,
53,Guntur,30,
54,Hindupur,30,
55,Hiramandalam,30,
56,Ichapuram,30,
57,Jammalamadugu,30,
58,Kadiri,30,
59,Kakinada,30,
60,Kalyandurg,30,
61,Kamalapuram,30,
62,Kanchili,30,
63,Kanchekacherla,30,
64,Kandukur,30,
65,Kanigiri,30,
66,Koduru,30,
67,Koilkunta,30,
68,Kothabommali,30,
69,Kothavalasa,30,
70,Kothapeta,30,
71,Krosuru,30,
72,Kuppam,30,
73,Kurnool,30,
74,Kurupam,30,
75,Macharla,30,
76,Madanapalli,30,
77,Madakasira,30,
78,Malleswaram,30,
79,Mangalagiri,30,
80,Markapur,30,
81,Movva Hqs,30,
82,Mummidivaram,30,
83,Mydukur,30,
84,Mylavaram,30,
85,Nagari,30,
86,Nagaram,30,
87,Naidupet,30,
88,Nandyal,30,
89,Nandigama,30,
90,Narsipatnam,30,
91,Narsapuram,30,
92,Nellore,30,
93,Nuzvid,30,
94,Ongole,30,
95,Pakala,30,
96,Palakonda,30,
97,Palakole,30,
98,Pidugurala(Palnadu),30,
99,Parchur,30,
100,Parvathipuram,30,
101,Hubli (Amaragol),31,
102,Pattikonda,30,
103,Pathapatnam,30,
104,Piler,30,
105,Podili,30,
106,Polavaram,30,
107,Ponduru,30,
108,Proddatur,30,
109,Pulivendala,30,
110,Punganur,30,
111,Pusapatirega,30,
112,Puttur,30,
113,Rajampet,30,
114,Rajahmundry,30,
115,Rajam,30,
116,Kolhapur,1,
117,Rayadurg,30,
118,Razole,30,
119,Repalli,30,
120,Sattenapalli,30,
121,Somala,30,
122,Srikakulam,30,
123,Srikalahasti,30,
124,Sullurpet,30,
125,Tadipatri,30,
126,Tadepalligudem,30,
127,Tanuku,30,
128,Tekkali,30,
129,Tenali,30,
130,Thottambedu,30,
131,Tirupati,30,
132,Tiruvuru,30,
133,Tuni,30,
134,Ungatur,30,
135,Urvakonda,30,
136,Vakadu,30,
137,Vijayawada,30,
138,Vinukonda,30,
139,Vayalapadu,30,
140,Vuyyur,30,
141,Yellamanchili,30,
142,Yemmiganur,30,
143,Duggirala,30,
144,Sompeta,30,
145,Martur,30,
146,Mulakalacheruvu,30,
147,Nagalapuram,30,
148,Siddavatam,30,
149,Jaggampet,30,
150,Prattipadu,30,
151,Kalidindi,30,
152,Undi,30,
153,Vepanjari,30,
154,Ravulapelem,30,
155,Sampara,30,
156,Tenakallu,30,
157,Rompicherla,30,
158,Kharupetia,23,
159,Khuzama,26,
160,Cachar,23,
161,Lanka,23,
162,Virudhachalam,32,
163,Dibrugarh,23,
164,Thattanchavady,35,
165,Hailakandi,23,
166,Goreswar,23,
167,Nokha,18,
168,Chandigarh(Grain/Fruit),4,
169,Ulundurpettai,32,
170,Dhamtari,36,
171,Kurud,36,
172,Samsi,21,
173,Navapara,36,
174,Rajnandgaon,36,
175,Raipur,36,
176,Bhatapara,36,
177,Neora,36,
178,Durg,36,
179,Balod,36,
180,Kawardha,36,
181,Bilaspur,36,
182,Munguli,36,
183,Naila,36,
184,Raigarh,36,
185,Kharsiya,36,
186,Jagdalpur,36,
187,Kondagoan,36,
188,Kanker,36,
189,Basana,36,
190,Rajim,36,
191,Abhanpur,36,
192,Kasdol,36,
193,Gariyaband,36,
194,Sarayapali,36,
195,Pithoura,36,
196,Bemetara,36,
197,Bandhabazar,36,
198,Kheragarh,36,
199,Lormi,36,
200,Jairamnagar,36,
201,Akaltara,36,
202,Katghora,36,
203,Sarangarh,36,
204,Gharghoda,36,
205,Keshkal,36,
206,Narayanpur,36,
207,Charama,36,
208,Bhatgaon,36,
209,Balodabazar,36,
210,Pandariya,36,
211,Gandai,36,
212,Chhuria,36,
213,Dongargaon,36,
214,Nagari,36,
215,Kota,36,
216,Pendraroad,36,
217,Baramkela,36,
218,Ramanujganj,36,
219,Sitapur,36,
220,Surajpur,36,
221,Manendragarh,36,
222,Sambalpur,36,
223,Margao,15,
224,Mapusa,15,
225,Barasat,21,
226,Ponda,15,
227,Sanquelim,15,
228,Valpol,15,
229,Pernem,15,
230,Bhopal,3,
231,Dhanera,16,
232,Chandigarh (F&V),4,
233,Vadodara,16,
234,Ambala City,6,
235,Bharuch,16,
236,Dahod,16,
237,Jaipur (Grain),2,
238,Unjha,16,
239,Visnagar,16,
240,Rajkot,16,
241,Pune,1,
242,Gondal,16,
243,Morbi,16,
244,Talod,16,
245,Surat,16,
246,Jalukie,26,
247,Ahmedabad,16,
248,Sanad,16,
249,Dhandhuka,16,
250,Amreli,16,
251,Rajula,16,
252,Bodeli,16,
253,Bhavnagar,16,
254,Valsad,16,
255,Jamnagar,16,
256,Una,16,
257,Mehsana,16,
258,Kalol,16,
259,Patan,16,
260,Himatnagar,16,
261,S.Mandvi,16,
262,Vyra,16,
263,Vadhvan,16,
264,Lunavada,16,
265,Jasdan,16,
266,Upleta,16,
267,Idar,16,
268,Bayad,16,
269,Modasa,16,
270,Limdi,16,
271,Talalagir,16,
272,Dehgam,16,
273,Palanpur,16,
274,Botad,16,
275,Vijapur,16,
276,Karjan,16,
277,Bilimora,16,
278,Padra,16,
279,Mansa,16,
280,Khedbrahma,16,
281,Dhoraji,16,
282,Kadi,16,
283,Anjar,16,
284,Rapar,16,
285,Mehmadabad,16,
286,Unava,16,
287,Siddhpur,16,
288,Borsad,16,
289,Umreth,16,
290,Alwar,2,
291,Devgadhbaria,16,
292,Jhalod,16,
293,Prantij,16,
294,Dharampur(veg),16,
295,Kapadvanj,16,
296,Becharaji,16,
297,Tharad,16,
298,Dhansura,16,
299,Bhiloda,16,
300,Visavadar,16,
301,Matar,16,
302,Thasara,16,
303,Balasinor,16,
304,Gogamba,16,
305,Mahuva,16,
306,Kosamba,16,
307,Nizar,16,
308,Chotila,16,
309,Thara,16,
310,Bhabhar,16,
311,Panthawada,16,
312,Vansda,16,
313,Babra,16,
314,Palitana,16,
315,Jetpur(Dist.Rajkot),16,
316,Vankaner,16,
317,Jamkandorna,16,
318,Kodinar,16,
319,Manavdar,16,
320,Mangrol,16,
321,Jam Jodhpur,16,
322,Bagasara,16,
323,Savarkundla,16,
324,Dhari,16,
325,Dhrol,16,
326,Kheda,16,
327,Vadgam,16,
328,"Ahmedabad(Fruit Market, Naroda)",16,
329,Ahmedabad(Rajnagar sub yard),16,
330,Ahmedabad(Chimanbhai Patal Market Vasana),16,
331,Dahod(Veg. Market),16,
332,Vadodara(Sayajipura),16,
333,Deesa(Bhildi),16,
334,Botad(Bhabarkot),16,
335,"Anand(Veg,Yard,Anand)",16,
336,Khambhat(Grain Market),16,
337,Khambhat(Veg Yard Khambhat),16,
338,Bodeli(Kalediya),16,
339,Bodeli(Hadod),16,
340,Vyara(Paati),16,
341,Chikli(Khorgam),16,
342,Valsad(Dungari),16,
343,Mansa(Manas Veg Yard),16,
344,Bishalgarh,27,
345,"Mehmadabad(Veg ,market)",16,
346,Modasa(Tintoi),16,
347,Valod(Buhari),16,
348,Prantij(Salala),16,
349,Halvad,16,
350,Jetpur-Pavi,16,
351,Ahmedabad(Flower Market Jamalpur),16,
352,Ahmedabad(Manekchowk),16,
353,Davgadbaria(Piplod),16,
354,Mehsana(Jornang),16,
355,Mehsana(Mehsana Veg),16,
356,Deesa(Deesa Veg Yard),16,
357,Botad(Haddad),16,
358,Jepur Pavi(Chackak),16,
359,Nagpur,1,
360,Mumbai,1,
361,Narela,37,
362,Bangalore,31,
363,Fazilka,10,
364,Jagraon,10,
365,Thiruvananthapuram,33,
366,Mahuva(Station Road),16,
367,Samana,10,
368,Khanna,10,
369,Patiala,10,
370,Kotkapura,10,
371,"Binny Mill (F&V), Bangalore",31,
372,Villupuram,32,
373,Vengeri(Kozhikode),33,
374,Kota,2,
375,Jodhpur (Grain)(Mandor),2,
376,Jodhpur(F&V)(Bhadwasia),2,
377,Sangli,1,
378,Mysore (Bandipalya),31,
379,Moovattupuzha,33,
380,Khammam,29,
381,Byadagi,31,
382,Belgaum,31,
383,Davangere,31,
384,Dharwar,31,
385,Harihara,31,
386,Kangra,7,
387,Fatehabad,6,
388,Adampur,6,
389,Hissar,6,
390,Narwana,6,
391,Kaithal,6,
392,Tarori,6,
393,Asandh,6,
394,Pehowa,6,
395,Thanesar,6,
396,Iamailabad,6,
397,Sirsa,6,
398,kalanwali,6,
399,Dabwali,6,
400,Yamuna Nagar,6,
401,Panipat,6,
402,Bhiwani,6,
403,Sonepat,6,
404,Rohtak,6,
405,Jhajjar,6,
406,Rewari,6,
407,Gurgaon,6,
408,Jind,6,
409,Palwal,6,
410,Tohana,6,
411,Gohana,6,
412,Ambala Cantt.,6,
413,Ch. Dadri,6,
414,Ballabhgarh,6,
415,Sohna,6,
416,Mohindergarh,6,
417,Raipur Rai,6,
418,Barwala,6,
419,Barara,6,
420,Mullana,6,
421,Naneola,6,
422,Naraingarh,6,
423,Shahzadpur,6,
424,Jagadhri,6,
425,Chhachrauli,6,
426,Mustafabad,6,
427,Sadhaura,6,
428,Radaur,6,
429,Loharu,6,
430,Tosham,6,
431,Hassanpur,6,
432,Hathin,6,
433,Pataudi,6,
434,Taura,6,
435,Uklana,6,
436,Narnaund,6,
437,Bhattu Kalan,6,
438,Bhuna,6,
439,Ratia,6,
440,Jullana,6,
441,Pillukhera,6,
442,Uchana,6,
443,Dhand,6,
444,Gharaunda,6,
445,Indri,6,
446,Kunjpura,6,
447,Nissing,6,
448,Madlauda,6,
449,Samalkha,6,
450,Pipli,6,
451,Khanina,6,
452,Meham,6,
453,Erode,32,
454,Ding,6,
455,Rania,6,
456,Ganaur,6,
457,Gingee,32,
458,Amarawati,1,
459,Pandua,21,
460,Kullu,7,
461,Solan,7,
462,Una,7,
463,Bilaspur,7,
464,Dhanotu (Mandi),7,
465,Hamirpur,7,
466,Palampur,7,
467,Bhuntar,7,
468,Shimla and Kinnaur(Rampur),7,
469,Hamirpur(Nadaun),7,
470,Mandi(Mandi),7,
471,Kangra(Baijnath),7,
472,Kangra(Jassour),7,
473,Santoshgarh,7,
474,Narwal Jammu (F&V),38,
475,Rajouri (F&V),38,
476,Jammu (Grain Mandi),38,
477,Samba,38,
478,Kathua,38,
479,Reasi,38,
480,Dhanbad,19,
481,Dumka,19,
482,Jamshedpur,19,
483,Hazaribagh,19,
484,Ranchi,19,
485,Giridih,19,
486,Gadhwah,19,
487,Bokaro (Chas),19,
488,Gumla,19,
489,Koderma,19,
490,Chaibasa,19,
491,Ramgarh,19,
492,Bermo,19,
493,Lohardaga,19,
494,Simdega,19,
495,Chakulia,19,
496,Pakur,19,
497,Godda,19,
498,Madhupur,19,
499,Khunti,19,
500,Jamtara,19,
501,Saraikela,19,
502,Bellary,31,
503,Bidar,31,
504,Bijapur,31,
505,Haveri,31,
506,Ranebennur,31,
507,Gangavathi,31,
508,Kolar,31,
509,Koppal,31,
510,K.R.Nagar,31,
511,Raichur,31,
512,Sindhanur,31,
513,Piriya Pattana,31,
514,Harappana Halli,31,
515,Honnali,31,
516,Shikaripura,31,
517,Pavagada,31,
518,Doddaballa Pur,31,
519,Malur,31,
520,Srinivasapur,31,
521,Gowribidanoor,31,
522,Hosadurga,31,
523,Hunsur,31,
524,Karkala,31,
525,T. Narasipura,31,
526,Gundlupet,31,
527,Kollegal,31,
528,K.R. Pet,31,
529,Nagamangala,31,
530,Channarayapatna,31,
531,Sakaleshpura,31,
532,Tarikere,31,
533,Annigeri,31,
534,Rona,31,
535,Kalagategi,31,
536,Hanagal,31,
537,Basava Kalayana,31,
538,Bagalakot,31,
539,Badami,31,
540,Hungund,31,
541,Jamakhandi,31,
542,Mhalingapur,31,
543,Channapatana,31,
544,Kanakapura,31,
545,Bailahongal,31,
546,Gokak,31,
547,Nippani,31,
548,Soundati,31,
549,Sankeshwar,31,
550,Kottur,31,
551,Hospet,31,
552,Hoovinahadagali,31,
553,Humanabad,31,
554,Bhalki,31,
555,Aurad,31,
556,Sindagi,31,
557,Chamaraj Nagar,31,
558,Kadur,31,
559,Chikkamagalore,31,
560,Moodigere,31,
561,Koppa,31,
562,Sringeri,31,
563,Chitradurga,31,
564,Challakere,31,
565,Mangalore,31,
566,Puttur,31,
567,Sulya,31,
568,Belthangdi,31,
569,Bantwala,31,
570,Channagiri,31,
571,Jagalur,31,
572,Laxmeshwar,31,
573,Gadag,31,
574,Nargunda,31,
575,Mundaragi,31,
576,Gulbarga,31,
577,Shahapur,31,
578,Shorapur,31,
579,Yadgir,31,
580,Arasikere,31,
581,Hassan,31,
582,Holenarsipura,31,
583,Belur,31,
584,Hirekerur,31,
585,Madikeri,31,
586,Somvarpet,31,
587,Gonikappal,31,
588,Chintamani,31,
589,Bangarpet,31,
590,Ramanagara,31,
591,Yalburga,31,
592,Mandya,31,
593,Maddur,31,
594,Nanjangud,31,
595,Santhesargur,31,
596,Lingasugur,31,
597,Shimoga,31,
598,Sagar,31,
599,Bhadravathi,31,
600,Tumkur,31,
601,Huliyar,31,
602,Kunigal,31,
603,Madhugiri,31,
604,Sira,31,
605,Tiptur,31,
606,Karwar,31,
607,Kumta,31,
608,Honnavar,31,
609,Siddapur,31,
610,Yellapur,31,
611,Sirsi,31,
612,Mundgod,31,
613,Kundapura,31,
614,Udupi,31,
615,Mulabagilu,31,
616,Pandavapura,31,
617,Srirangapattana,31,
618,Alappuzha,33,
619,Ernakulam,33,
620,Thalasserry,33,
621,Kannur,33,
622,Payyannur,33,
623,Kollam,33,
624,Kottayam,33,
625,Koduvayoor,33,
626,Thrissur,33,
627,Kalpetta,33,
628,Pandalam,33,
629,Parassala,33,
630,Cherthala,33,
631,Kodumgalloor,33,
632,Irinjalakkuda,33,
633,Irikkur,33,
634,Kuthuparambu,33,
635,Kuttoor,33,
636,Chala,33,
637,Dewas,3,
638,Ashoknagar,3,
639,Dabra,3,
640,Indore(F&V),3,
641,Vidisha,3,
642,Chhindwara,3,
643,Itarsi,3,
644,Guna,3,
645,Lashkar,3,
646,Khandwa,3,
647,Khargone,3,
648,Sagar,3,
649,Ratlam,3,
650,Ashta,3,
651,Pipariya,3,
652,Morena,3,
653,Betul,3,
654,Bhind,3,
655,Narsinghpur,3,
656,Raisen,3,
657,Jabalpur,3,
658,Rewa,3,
659,Seoni,3,
660,Shivpuri,3,
661,Tikamgarh,3,
662,Damoh,3,
663,Datia,3,
664,Sidhi,3,
665,Burhanpur,3,
666,Balaghat,3,
667,Dhamnod,3,
668,Harda,3,
669,Shujalpur,3,
670,Sheopurkalan,3,
671,Berasia,3,
672,Sendhwa,3,
673,Multai,3,
674,Kukshi,3,
675,Petlawad,3,
676,Sanawad,3,
677,Mahidpur,3,
678,Tarana,3,
679,Khategaon,3,
680,Sonkatch,3,
681,A lot,3,
682,Agar,3,
683,Kumbhraj,3,
684,Kailaras,3,
685,Patharia,3,
686,Biaora,3,
687,Sanwer,3,
688,Pandhurna,3,
689,Badnawar,3,
690,Banapura,3,
691,Timarni,3,
692,Bhikangaon,3,
693,Khirakiya,3,
694,Badnagar,3,
695,Bina,3,
696,Sironj,3,
697,Pachaur,3,
698,Narsinghgarh,3,
699,Saunsar,3,
700,Gadarwada,3,
701,Udaipura,3,
702,Bareli,3,
703,Badwaha,3,
704,Thandla,3,
705,Shajapur,3,
706,Aron,3,
707,Pohari,3,
708,Kolaras,3,
709,Begamganj,3,
710,Pandhana,3,
711,Semriharchand,3,
712,Bankhedi,3,
713,Gautampura,3,
714,Nalkehda,3,
715,Jhabua,3,
716,Garhakota,3,
717,Nagda,3,
718,Sabalgarh,3,
719,Suvasra,3,
720,Khaniadhana,3,
721,Khetia,3,
722,Rajgarh,3,
723,Karhi,3,
724,Rehati,3,
725,Kurawar,3,
726,Anjad,3,
727,Shamgarh,3,
728,Khilchipur,3,
729,Kasrawad,3,
730,Maksudangarh,3,
731,Binaganj,3,
732,Shamshabad,3,
733,Khachrod,3,
734,Sarangpur,3,
735,Piplya,3,
736,Maksi,3,
737,Karera,3,
738,Akodia,3,
739,Momanbadodiya,3,
740,Segaon,3,
741,Haatpipliya,3,
742,Susner,3,
743,Harsood,3,
744,Badod,3,
745,Shyampur,3,
746,Jobat,3,
747,Taal,3,
748,Bichhiya,3,
749,Porsa,3,
750,Kurwai,3,
751,Lateri,3,
752,Machalpur,3,
753,Berachha,3,
754,Balwadi,3,
755,Bhander,3,
756,Isagarh,3,
757,Gandhwani,3,
758,Sitmau,3,
759,Bhensdehi,3,
760,Hoshangabad,3,
761,Jora,3,
762,Praswada,3,
763,Barghat,3,
764,Sihora,3,
765,Ahmednagar,1,
766,Jalana,1,
767,Umared,1,
768,Yeola,1,
769,Nasik,1,
770,Lasalgaon,1,
771,Khed,1,
772,Barshi,1,
773,Solapur,1,
774,Hinganghat,1,
775,Dondaicha,1,
776,Amalner,1,
777,Chalisgaon,1,
778,Chopada,1,
779,Chandvad,1,
780,Manmad,1,
781,Baramati,1,
782,Maanachar,1,
783,Pandharpur,1,
784,Aurangabad,1,
785,Bhokardan,1,
786,Hingoli,1,
787,Jintur,1,
788,Parbhani,1,
789,Karanja,1,
790,Anajngaon,1,
791,Chikali,1,
792,Vani,1,
793,Yeotmal,1,
794,Amgaon,1,
795,Chandrapur,1,
796,Savner,1,
797,Sangamner,1,
798,Akot,1,
799,Bhandara,1,
800,Alibagh,1,
801,Jamkhed,1,
802,Kopargaon,1,
803,Pathardi,1,
804,Shevgaon,1,
805,Shrirampur,1,
806,Shirpur,1,
807,Bhusaval,1,
808,Jamner,1,
809,Yawal,1,
810,Karjat,1,
811,Kalvan,1,
812,Nandgaon,1,
813,Dindori,1,
814,Koregaon,1,
815,Karmala,1,
816,Kurdwadi,1,
817,Mangal Wedha,1,
818,Gangapur,1,
819,Kannad,1,
820,Lasur Station,1,
821,Partur,1,
822,Gangakhed,1,
823,Manwat,1,
824,Selu,1,
825,Telhara,1,
826,Morshi,1,
827,Lonar,1,
828,Nandura,1,
829,Shegaon,1,
830,Umarkhed,1,
831,Manora,1,
832,Risod,1,
833,Lakhandur,1,
834,Lakhani,1,
835,Mul,1,
836,Nagbhid,1,
837,Savali,1,
838,Kalmeshwar,1,
839,Katol,1,
840,Narkhed,1,
841,Arvi,1,
842,Sindi,1,
843,Tiroda,1,
844,Ambejaogai,1,
845,Gevrai,1,
846,Naigaon,1,
847,Akole,1,
848,Panvel,1,
849,Washim,1,
850,Satana,1,
851,Rahuri,1,
852,Akkalkot,1,
853,Daryapur,1,
854,Dhamngaon-Railway,1,
855,Armori,1,
856,Sinner,1,
857,Paithan,1,
858,Deoulgaon Raja,1,
859,Chamorshi,1,
860,Majalgaon,1,
861,Ambad (Vadigodri),1,
862,Ghoti,1,
863,Osmanabad,1,
864,Patan,1,
865,Mahad,1,
866,Pen,1,
867,Devala,1,
868,Purna,1,
869,Basmat,1,
870,Jawala-Bajar,1,
871,Chandur Railway,1,
872,Buldhana(Dhad),1,
873,Babhulgaon,1,
874,Rajura,1,
875,Bhadrawati,1,
876,Kille Dharur,1,
877,Nilanga,1,
878,Mukhed,1,
879,Aarni,1,
880,Fruit Market,1,
881,Shevgaon(Bodhegaon),1,
882,Dondaicha(Sindhkheda),1,
883,Jamner(Neri),1,
884,Nashik(Devlali),1,
885,Dindori(Vani),1,
886,Pimpalgaon Baswant(Saykheda),1,
887,Kolhapur(Laxmipuri),1,
888,Kolhapur(Malkapur),1,
889,Khed(Chakan),1,
890,Pune(Khadiki),1,
891,"Sangli(Phale, Bhajipura Market)",1,
892,Barshi(Vairag),1,
893,Sillod(Bharadi),1,
894,Jalna(Badnapur),1,
895,Sangrampur(Varvatbakal),1,
896,Umarked(Danki),1,
897,Udgir(Devanibud),1,
898,Vashi New Mumbai,1,
899,Pune(Hadapsar),1,
900,Amrawati(Frui & Veg. Market),1,
901,Jalkot,1,
902,Sangli(Miraj),1,
903,Lamlong Bazaar,39,
904,Najafgarh,37,
905,Keshopur,37,
906,Shahdara,37,
907,"Flower Market,Gazipur",37,
908,"Fodder Market, Mangolpuri",37,
909,"Fish,Poultry & Egg Market, Gazipur",37,
910,Sriganganagar,2,
911,"Khoya Market, Kashmiri Gate",37,
912,"Flower Market, Fatehpuri(Principal Yard, Mehrauli)",37,
913,"Flower Market, Canaught Place(Pr. Yard,Mehrauli)",37,
914,Azadpur,37,
915,Angul,40,
916,Patna (Musallahpur),18,
917,Attabira,40,
918,Bargarh,40,
919,Bhadrak,40,
920,Dungurapalli,40,
921,Jajpur,40,
922,Kesinga,40,
923,Bhawanipatna,40,
924,Malkanagiri,40,
925,Gunpur,40,
926,Jeypore,40,
927,Nawarangpur,40,
928,Sakhigopal,40,
929,Rayagada,40,
930,Baripada,40,
931,Padampur,40,
932,Khariar Road,40,
933,Sambalpur,40,
934,Bampada,40,
935,Bahadajholla,40,
936,Kendupatna,40,
937,Jagatsinghpur,40,
938,Nimapara,40,
939,Parlakhemundi,40,
940,Bhanjanagar,40,
941,Boudh,40,
942,Kuchinda,40,
943,Sargipali,40,
944,Udala,40,
945,Karanjia,40,
946,Dhenkanal,40,
947,Talcher,40,
948,Kamakhyanagar,40,
949,Banki,40,
950,Deogarh,40,
951,Betnoti,40,
952,Keonjhar,40,
953,Champua,40,
954,Anandapur,40,
955,Balugaon,40,
956,Chandabali,40,
957,Hinjilicut,40,
958,Digapahandi,40,
959,Koraput(Semilguda),40,
960,Bargarh(Barapalli),40,
961,Rayagada(Muniguda),40,
962,Jeypore(Kotpad),40,
963,Keonjhar(Dhekikote),40,
964,Nabarangpur(Umerkote),40,
965,Amritsar,10,
966,Tarantaran,10,
967,Jalalabad,10,
968,Ferozepur Cantt.,10,
969,Abohar,10,
970,Batala,10,
971,Guru Har Sahai,10,
972,Kapurthala,10,
973,Baghapurana,10,
974,Moga,10,
975,Muktsar,10,
976,Malout,10,
977,Patran,10,
978,Nabha,10,
979,Barnala,10,
980,Dhuri,10,
981,Sunam,10,
982,Ajnala,10,
983,Patti,10,
984,Pathankot,10,
985,Gurdaspur,10,
986,Jalandhar City,10,
987,Phillaur,10,
988,Bathinda,10,
989,Rampura Phul,10,
990,Raman,10,
991,Firozepur City,10,
992,Talwandi Bhai,10,
993,Mukerian,10,
994,Raikot,10,
995,Samrala,10,
996,Phagwara,10,
997,Budalada,10,
998,Bareta,10,
999,Giddarbaha,10,
1000,Nawanshahar,10,
1001,Anandpur Sahib,10,
1002,Ropar,10,
1003,Nakodar,10,
1004,Lalru,10,
1005,Morinda,10,
1006,Goniana,10,
1007,Sirhind,10,
1008,Shahkot,10,
1009,Mansa,10,
1010,Sardulgarh,10,
1011,Gehri,10,
1012,Bhucho,10,
1013,Sadiq,10,
1014,Makhu,10,
1015,Zira,10,
1016,Dinanagar,10,
1017,Quadian,10,
1018,Sri Har Gobindpur,10,
1019,Dasuya,10,
1020,Garh Shankar,10,
1021,Tanda Urmur,10,
1022,Adampur,10,
1023,Bhogpur,10,
1024,Goraya,10,
1025,Lohian Khas,10,
1026,Dhilwan,10,
1027,Doraha,10,
1028,Ludhiana,10,
1029,Machhiwara,10,
1030,Sahnewal,10,
1031,Dharamkot,10,
1032,Bariwala,10,
1033,Balachaur,10,
1034,Banga,10,
1035,Rajpura,10,
1036,Chamkaur Sahib,10,
1037,Kharar,10,
1038,Kurali,10,
1039,Ahmedgarh,10,
1040,Latur,1,
1041,Khanauri,10,
1042,Moonak,10,
1043,Tapa,10,
1044,Bassi Pathana,10,
1045,Khamano,10,
1046,Chogawan,10,
1047,Talwandi Sabo,10,
1048,Kot ise Khan,10,
1049,Dera Baba Nanak,10,
1050,F.G.Churian,10,
1051,Bilga,10,
1052,Noor Mehal,10,
1053,Banur,10,
1054,Dera Bassi,10,
1055,Ghanaur,10,
1056,Bhadaur,10,
1057,Dhanaula,10,
1058,Lehra Gaga,10,
1059,Sangrur,10,
1060,Tapa(Tapa Mandi),10,
1061,Jalandhar City(Jalandhar),10,
1062,Nawan Shahar(Subzi Mandi),10,
1063,Nawan Shahar(MandiRaho),10,
1064,Amritsar(Amritsar Mewa Mandi),10,
1065,Fazilka (Ladhuka),10,
1066,Rampuraphul(Nabha Mandi),10,
1067,Mukerian(Talwara),10,
1068,Phillaur(Apra Mandi),10,
1069,Nawan Shahar(Mandi Aur),10,
1070,Nedumangadu,33,
1071,Ajmer (Grain),2,
1072,Kherli,2,
1073,Baran,2,
1074,Kama,2,
1075,Bundi,2,
1076,Nimbahera,2,
1077,Pratapgarh,2,
1078,Hanumangarh,2,
1079,Sangriya,2,
1080,Chomu,2,
1081,Kishangarh Renwal,2,
1082,Santir Bazar,27,
1083,Nagaur,2,
1084,Degana,2,
1085,Kuchaman City,2,
1086,Deedwana,2,
1087,Tonk,2,
1088,Dholpur,2,
1089,Bikaner (Grain),2,
1090,Lalsot,2,
1091,Barmer,2,
1092,Jalore,2,
1093,Pali,2,
1094,Jhalarapatan,2,
1095,Ramaganj Mandi,2,
1096,Sawai Madhopur,2,
1097,Jhunjhunu,2,
1098,Sikar,2,
1099,Raisingh Nagar,2,
1100,Banswara,2,
1101,Madanganj Kishanganj,2,
1102,Hindoun,2,
1103,Sumerpur,2,
1104,Gharsana,2,
1105,Padampur,2,
1106,Bijay Nagar,2,
1107,Deoli,2,
1108,Kekri,2,
1109,Malpura,2,
1110,Niwai,2,
1111,Nagar,2,
1112,Sujangarh(Churu),2,
1113,Bhadara,2,
1114,Goluwala,2,
1115,Rawatsar,2,
1116,Sadulshahar,2,
1117,Suratgarh,2,
1118,Kotputli,2,
1119,Bilara,2,
1120,Sojat Road,2,
1121,Atru,2,
1122,Bhawani Mandi,2,
1123,Chhabra,2,
1124,Aklera,2,
1125,Itawa,2,
1126,Khanpur,2,
1127,Neem Ka Thana,2,
1128,Gajsinghpur,2,
1129,Jaitsar,2,
1130,Rawla,2,
1131,Sri Karanpur,2,
1132,Sri Vijayanagar,2,
1133,Fatehnagar,2,
1134,Rajasamand,2,
1135,Jaitaran,2,
1136,Mandalgarh,2,
1137,Pipar City,2,
1138,Keshoraipatan,2,
1139,Bijolia,2,
1140,Alwar(FV),2,
1141,Janta Market,2,
1142,Jaipur(Grain)(Chandpole),2,
1143,Jodhpur(Grain)(Bhagat Ki Kothi),2,
1144,Chomu(F&V),2,
1145,Jaipur(Bassi),2,
1146,Jodhpur(Grain)(Phalodi),2,
1147,Ramgang Mandi(Samod),2,
1148,Kotputli(Pawla),2,
1149,Ramgang Mandi(Bapawarkala),2,
1150,Kishan Renwal(Fulera),2,
1151,Kovilpatti,32,
1152,Thenkasi,32,
1153,Hyderabad (F&V),29,
1154,Karimnagar,29,
1155,Badepalli,29,
1156,Gadwal,29,
1157,Mahbubnagar,29,
1158,Shadnagar,29,
1159,Miryalaguda,29,
1160,Suryapeta,29,
1161,Nizamabad,29,
1162,Bhodhan,29,
1163,Kamareddy,29,
1164,Warangal,29,
1165,Kothagudem,29,
1166,Armoor,29,
1167,Yellareddy,29,
1168,Chityal,29,
1169,Gaddiannaram,29,
1170,Kesamudram,29,
1171,Yellandu,29,
1172,Husnabad,29,
1173,Adilabad,29,
1174,Alampur,29,
1175,Bhainsa,29,
1176,Bhongir,29,
1177,Boath,29,
1178,Choppadandi,29,
1179,Devarakonda,29,
1180,Dharmaram,29,
1181,Dharmapuri,29,
1182,Halia,29,
1183,Huzzurabad,29,
1184,Huzurnagar,29,
1185,Ibrahimputnam,29,
1186,Jagtial,29,
1187,Kataram,29,
1188,Koratla,29,
1189,Madnoor,29,
1190,Manthani,29,
1191,Marapally,29,
1192,Medchal,29,
1193,Mulugu,29,
1194,Nakrekal,29,
1195,Nalgonda,29,
1196,Narsingi,29,
1197,Narayanpet,29,
1198,Narsapur,29,
1199,Narsampet,29,
1200,Nelakondapally,29,
1201,Pargi,29,
1202,Pitlam,29,
1203,Pothgal,29,
1204,Ramayampet,29,
1205,Sarangapur,29,
1206,Sardarnagar,29,
1207,Shankarapally,29,
1208,Sircilla,29,
1209,Sultanabad,29,
1210,Tanduru,29,
1211,Vemulawada,29,
1212,Wanaparthy Road,29,
1213,Wyra,29,
1214,Gudimalkapur,29,
1215,Dubbak,29,
1216,Devarakadra,29,
1217,Charla,29,
1218,Choutuppal,29,
1219,Bowenpally,29,
1220,Enkoor,29,
1221,Gadwal(Lezza),29,
1222,Wanaparthy Road(Prbbair),29,
1223,Devarkonda(Mallepalli),29,
1224,Devarkonda(Dindi),29,
1225,Kamareddy(Bicknoor),29,
1226,Pudur,29,
1227,Chevella,29,
1228,Pabiacherra,27,
1229,Champaknagar,27,
1230,Dasda,27,
1231,Agra,11,
1232,Allahabad,11,
1233,Bahraich,11,
1234,Ballia,11,
1235,Bareilly,11,
1236,Faizabad,11,
1237,Ghaziabad,11,
1238,Gorakhpur,11,
1239,Hardoi,11,
1240,Etawah,11,
1241,Jaunpur,11,
1242,Lalitpur,11,
1243,Muradabad,11,
1244,Saharanpur,11,
1245,Shahjahanpur,11,
1246,Sitapur,11,
1247,Varanasi(Grain),11,
1248,Buland Shahr,11,
1249,Baraut,11,
1250,Etah,11,
1251,Mathura,11,
1252,Rampur,11,
1253,Badayoun,11,
1254,Raibareilly,11,
1255,Gonda,11,
1256,Sultanpur,11,
1257,Basti,11,
1258,Azamgarh,11,
1259,Mirzapur,11,
1260,Gazipur,11,
1261,Jhansi,11,
1262,Muzzafarnagar,11,
1263,Fatehpur,11,
1264,Auraiya,11,
1265,Mahoba,11,
1266,Firozabad,11,
1267,Bijnaur,11,
1268,Kasganj,11,
1269,Amroha,11,
1270,Kosikalan,11,
1271,Unnao,11,
1272,Kopaganj,11,
1273,Partaval,11,
1274,Orai,11,
1275,Aligarh,11,
1276,Chandoli,11,
1277,Banda,11,
1278,Hapur,11,
1279,Naugarh,11,
1280,Haathras,11,
1281,Sahiyapur,11,
1282,Charra,11,
1283,Ghiraur,11,
1284,Khair,11,
1285,Tulsipur,11,
1286,Anandnagar,11,
1287,Divai,11,
1288,Gulavati,11,
1289,Rampurmaniharan,11,
1290,Hasanpur,11,
1291,Moth,11,
1292,Tamkuhi Road,11,
1293,Mawana,11,
1294,Chutmalpur,11,
1295,Khairagarh,11,
1296,Jagnair,11,
1297,Fatehpur Sikri,11,
1298,Samsabad,11,
1299,Shadabad,11,
1300,Aliganj,11,
1301,Tundla,11,
1302,Shahabad,11,
1303,Bachranwa,11,
1304,Nawabganj,11,
1305,Ahirora,11,
1306,Utraula,11,
1307,Soharatgarh,11,
1308,Kashipur,41,
1309,Kicchha,41,
1310,Rudrapur,41,
1311,Rishikesh,41,
1312,Khateema,41,
1313,Haldwani,41,
1314,Roorkee,41,
1315,Kotadwara,41,
1316,Gadarpur,41,
1317,Sitarganj,41,
1318,Lakshar,41,
1319,Bankura Sadar,21,
1320,Coochbehar,21,
1321,Balurghat,21,
1322,Dhupguri,21,
1323,English Bazar,21,
1324,Tamluk (Medinipur E),21,
1325,Midnapore Sadar,21,
1326,Karimpur,21,
1327,Islampur,21,
1328,Kaliaganj,21,
1329,Burdwan,21,
1330,Purulia,21,
1331,Jalpaiguri Sadar,21,
1332,Alipurduar,21,
1333,Kalimpong,21,
1334,Ramkrishanpur(Howrah),21,
1335,Bishnupur(Bankura),21,
1336,Lalbagh,21,
1337,Ghatal,21,
1338,Champadanga,21,
1339,Baruipur(Canning),21,
1340,Sheoraphuly,21,
1341,Egra/contai,21,
1342,Haldibari,21,
1343,Bara Bazar (Posta Bazar),21,
1344,Mechua,21,
1345,Sealdah Koley Market,21,
1346,Habra,21,
1347,Khatra,21,
1348,Memari,21,
1349,Pundibari,21,
1350,Jhargram,21,
1351,Beldanga,21,
1352,Raiganj(Kalinganj),21,
1353,Gangarampur,21,
1354,Kalipur(Champadanga),21,
1355,Guskara,21,
1356,Asansol,21,
1357,Indus,21,
1358,Sainthia(Suri),21,
1359,Penugonda,30,
1360,Jaggayyapeta,30,
1361,Lakkireddipally,30,
1362,Saluru,30,
1363,Anakapally,30,
1364,Karnal,6,
1365,Bethuadahari,21,
1366,Sultan bathery,33,
1367,Mawiong Regulated Market,24,
1368,Chickkaballapura,31,
1369,Katihar,18,
1370,Gulabbagh,18,
1371,Muzaffarpur,18,
1372,Hiriyur,31,
1373,Darbhanga,18,
1374,Sirguppa,31,
1375,Ramdurga,31,
1376,Katni,3,
1377,Nandagada,31,
1378,Ganjbasoda,3,
1379,Ladwa,6,
1380,Haliyala,31,
1381,Sedam,31,
1382,Bohorihat,23,
1383,Mahasamund,36,
1384,Shakti,36,
1385,Bagbahra,36,
1386,Champa,36,
1387,Pathalgaon,36,
1388,Kunkuri,36,
1389,Bageecha,36,
1390,Talikot,31,
1391,Chikhali,16,
1392,Bardoli,16,
1393,Savli,16,
1394,Uchhal,16,
1395,Chittapur,31,
1396,H.B. Halli,31,
1397,Kundagol,31,
1398,Tharad(Rah),16,
1399,Savli(Samlaya),16,
1400,Bilimora(Gandevi),16,
1401,Safidon,6,
1402,Ellanabad,6,
1403,Hansi,6,
1404,Siwani,6,
1405,Jakhal,6,
1406,Babain,6,
1407,Bahadurgarh,6,
1408,Kangra(Nagrota Bagwan),7,
1409,Udhampur,38,
1410,Daltenganj,19,
1411,Latehar,19,
1412,Manvi,31,
1413,Turvekere,31,
1414,Athani,31,
1415,Savanur,31,
1416,Kudchi,31,
1417,Gubbi,31,
1418,Kustagi,31,
1419,Khairthal,2,
1420,Aluva,33,
1421,Manjeri,33,
1422,Thodupuzha,33,
1423,Sasthamkotta,33,
1424,Anchal,33,
1425,Kanjirappally,33,
1426,Kollengode,33,
1427,Ranniangadi,33,
1428,Parappanangadi,33,
1429,Mandla,3,
1430,Shahpura(Jabalpur),3,
1431,Manawar,3,
1432,Katangi,3,
1433,Chhapiheda,3,
1434,Lalbarra,3,
1435,Thiruppur,32,
1436,Khamgaon,1,
1437,Malegaon,1,
1438,Sangola,1,
1439,Tumsar,1,
1440,Raver,1,
1441,Gadhinglaj,1,
1442,Vadgaonpeth,1,
1443,Satara,1,
1444,Vaduj,1,
1445,Vaijpur,1,
1446,Mehekar,1,
1447,Pusad,1,
1448,Brahmpuri,1,
1449,Parali Vaijyanath,1,
1450,Akluj,1,
1451,Shahapur,1,
1452,Pathari,1,
1453,Palam,1,
1454,Rahata,1,
1455,Armori(Desaiganj),1,
1456,Nagpur(Mahatma Phule Market),1,
1457,Bolangir,40,
1458,Puri(Brahmagiri),40,
1459,Malerkotla,10,
1460,Mullanpur,10,
1461,Churu,2,
1462,Udaipur,2,
1463,Ajmer(F&V),2,
1464,Sriganganagar(F&V),2,
1465,Sumerganj,2,
1466,Kota (FV),2,
1467,Kishan Renwal(Sambhar),2,
1468,Vijay Nagar(Gulabpura),2,
1469,Ramanathapuram(phase 3),32,
1470,Sadasivpet,29,
1471,Dammapet,29,
1472,Jangaon,29,
1473,Madnoor(Bitchkonda),29,
1474,Bachaibari,27,
1475,Kanpur(Grain),11,
1476,Devariya,11,
1477,Ajuha,11,
1478,Sikanderabad,11,
1479,Fatehabad,11,
1480,Achnera,11,
1481,Jarar,11,
1482,Awagarh,11,
1483,Khalilabad,11,
1484,Katwa,21,
1485,Mandi(Takoli),7,
1486,Alirajpur,3,
1487,Loharda,3,
1488,Aatpadi,1,
1489,Balapur,1,
1490,Bhiwapur,1,
1491,Bodwad,1,
1492,Junnar,1,
1493,Junnar(Otur),1,
1494,Kada,1,
1495,Kinwat,1,
1496,Newasa,1,
1497,Newasa(Ghodegaon),1,
1498,Suragana,1,
1499,Udgir,1,
1500,Vai,1,
1501,Varud,1,
1502,Varud(Rajura Bazar),1,
1503,Kodad,29,
1504,Mahbubnagar(Nawabpet),29,
1505,Mancharial,29,
1506,Sattupalli,29,
1507,Bahedi,11,
1508,Machilipatnam,30,
1509,Konta,36,
1510,Takhatpur,36,
1511,Dongargarh,36,
1512,Amadula,36,
1513,Viramgam,16,
1514,Nasvadi,16,
1515,Vadodara(Navapura),16,
1516,Savli(Desar),16,
1517,Nasvadi(Thalkala),16,
1518,Jui,6,
1519,Deoghar,19,
1520,Kasimbazar,21,
1521,Pasighat,42,
1522,Tikabali,40,
1523,Vandavasi,32,
1524,Jayamkondam,32,
1525,Chethupattu,32,
1526,Neemuch,3,
1527,Chhapra,18,
1528,Taliamura,27,
1529,Gaya,18,
1530,Siwan,18,
1531,Sadulpur,2,
1532,Jammikunta,29,
1533,Thirukovilur,32,
1534,Siddipet,29,
1535,Punalur,33,
1536,Athirampuzha,33,
1537,Jalgaon,1,
1538,Nandurbar,1,
1539,Kalyan,1,
1540,Lonand,1,
1541,Nanded,1,
1542,Dharmabad,1,
1543,Palthan,1,
1544,Kalamb(Osmanabad),1,
1545,Murim,1,
1546,Palghar,1,
1547,Vita,1,
1548,Sengoan,1,
1549,Sindkhed Raja,1,
1550,Jalgaon(Masawat),1,
1551,Lasalgaon(Niphad),1,
1552,Malegaon(Umarane),1,
1553,Jintur(Bori),1,
1554,Chandrapur(Ganjwad),1,
1555,Imphal,39,
1556,Shillong,24,
1557,Faridkot,10,
1558,Abu Road,2,
1559,Bikaner(F&V),2,
1560,Sridungargarh,2,
1561,Dungarpur,2,
1562,Kapasan,2,
1563,Udaipur(F&V),2,
1564,Pollachi,32,
1565,Rajapalayam,32,
1566,Cuddalore,32,
1567,Virudhunagar,32,
1568,Vadaseri,32,
1569,Udumalpet,32,
1570,Avalurpet,32,
1571,Ammoor,32,
1572,Aruppukottai,32,
1573,Tindivanam,32,
1574,Sangarapuram,32,
1575,Kallakurichi,32,
1576,Tiruthuraipoondi,32,
1577,Kalavai,32,
1578,Thiryagadurgam,32,
1579,Vikkiravandi,32,
1580,Annur,32,
1581,Sevur,32,
1582,Sembanarkoil,32,
1583,Mannargudi,32,
1584,Chinnasalem,32,
1585,Anaimalai,32,
1586,Karamadai,32,
1587,Cheyyar,32,
1588,Nagapattinam,32,
1589,Pudukottai,32,
1590,Kaveripakkam,32,
1591,Katpadi,32,
1592,Tiruvennainallur,32,
1593,Manalurpet,32,
1594,Valathi,32,
1595,Usilampatty,32,
1596,Kuttulam,32,
1597,Mailaduthurai,32,
1598,Sirkali,32,
1599,Vedaranyam,32,
1600,Thuraiyur,32,
1601,Manachanallur,32,
1602,Singampuneri,32,
1603,Karaikudi,32,
1604,Devakottai,32,
1605,Katpadi(Uzhavar Santhai),32,
1606,Parkal,29,
1607,Peddapalli,29,
1608,Sadasivpet(Sangareddy),29,
1609,Farukhabad,11,
1610,Lucknow,11,
1611,Balrampur,11,
1612,Kalna,21,
1613,Kolaghat,21,
1614,Ipur,30,
1615,P.O. Uparhali Guwahati,23,
1616,Golaghat,23,
1617,Bhuj,16,
1618,Palakkad,33,
1619,Pulpally,33,
1620,Pampady,33,
1621,vadakarapathy,33,
1622,Vadakkenchery,33,
1623,Sillod,1,
1624,Arjuni,1,
1625,Shirur,1,
1626,Palus,1,
1627,Bhokardan(Pimpalgaon Renu),1,
1628,Jalgaon Jamod(Aasalgaon),1,
1629,Jaleswar,40,
1630,Angul(Jarapada),40,
1631,Rangpo,43,
1632,Coimbatore,32,
1633,Pudupalayam,32,
1634,Madathukulam,32,
1635,Negamam,32,
1636,Pethappampatti,32,
1637,Chengeri,32,
1638,Burgampadu,29,
1639,Togguta,29,
1640,Barabanki,11,
1641,Chandausi,11,
1642,Falakata(Dhupguri),21,
1643,Ambikapur,36,
1644,Radheja,16,
1645,Panchkula,6,
1646,Israna,6,
1647,Sahebganj,19,
