Maharashtra,1
Rajasthan,2
Madhya Pradesh,3
Chandigarh,4
Delhi,5
Haryana,6
Himachal Pradesh,7
Srinagar,8
NA,9
Punjab,10
Uttar Pradesh,11
Uttarakhand,12
India,13
Chhattisgarh,14
Goa,15
Gujarat,16
Pomeranian Voivodeship,17
Bihar,18
Jharkhand,19
Odisha,20
West Bengal,21
Itanagar,22
Assam,23
Meghalaya,24
Mizoram,25
Nagaland,26
Tripura,27
Andaman and Nicobar Islands,28
Telangana,29
Andhra Pradesh,30
Karnataka,31
Tamil Nadu,32
Kerala,33
Puducherry,34
Pondicherry,35
Chattisgarh,36
NCT of Delhi,37
Jammu and Kashmir,38
Manipur,39
Orissa,40
Uttrakhand,41
Arunachal Pradesh,42
Sikkim,43
