1,1,Desi (Whole),-
2,2,Kasmir/Shimla - II,Medium
3,3,Green,Medium
4,4,Safeda,Medium
5,5,Red,-
6,6,Medium,Medium
7,7,Pine Apple,Medium
8,8,Desi,-
9,9,Arhar (Whole),-
10,10,Other,-
11,11,Desi,-
12,12,Other,-
13,13,Other,-
14,14,Other,-
15,15,Other,-
16,16,Other,-
17,17,Other,-
18,18,Other,-
19,5,Other,-
20,8,Other,-
21,19,Other,-
22,20,Other,-
23,12,Sharbati,-
24,21,"",""
25,22,"",""
26,23,"",""
27,24,"",""
28,25,"",""
29,26,"",""
30,27,"",""
31,28,"",""
32,29,"",""
33,30,"",""
34,31,"",""
35,32,"",""
36,33,"",""
37,34,"",""
38,35,"",""
39,36,"",""
40,37,"",""
41,38,"",""
42,39,"",""
43,40,Masuri,-
44,11,Local,-
45,41,Black,-
46,42,Jute,-
47,16,Local,-
48,5,Bellary,-
49,40,1001,-
50,12,Paddy,-
51,11,Black Gram (Whole),-
52,43,Green (Whole),-
53,44,Coconut,-
54,40,B P T,-
55,12,MTU-1001,-
56,12,NO. 2716,-
57,21,AP Raw Rice-1001,-
58,12,MTU-1010,-
59,12,MTU-2077,-
60,12,B P T,-
61,45,Local,-
62,1,Jawari/Local,-
63,43,Local,-
64,14,Jowar ( White),-
65,12,Jowar (Yellow),-
66,46,Local,-
67,21,B P T,-
68,1,Gulabi,-
69,47,Other,-
70,39,Hybrid,-
71,48,Sunflower Seed,-
72,49,Ground Nut Seed,-
73,50,Local,-
74,40,Sona Mahsuri,-
75,51,Sunflower,-
76,16,Hybrid,-
77,40,Sona,-
78,51,Hybrid,-
79,44,Medium,-
80,40,MTU-1010,-
81,43,Medium,-
82,52,Castor seed,-
83,47,Kapas (Adoni),-
84,12,Mungari (Unginned),-
85,50,TMV-2,-
86,50,M-335,-
87,39,Other,-
88,53,Copra,-
89,12,Swarna Masuri (New),-
90,40,Paddy,-
91,54,Other,-
92,20,Lok-1,-
93,55,NO 3,-
94,12,1001,-
95,12,Sona Mahsuri,-
96,56,Local,-
97,57,Jambu,-
98,1,Other,-
99,46,Desi(Whole),-
100,58,Other,-
101,12,Samba Masuri,-
102,12,Sona Mansoori Non Basmati,-
103,1,Ordinary (Split),-
104,59,Local,-
105,60,Red,-
106,12,Red New,-
107,12,Red Top,-
108,12,White,-
109,60,1st Sort,-
110,12,2nd Sort,-
111,50,JL-24,-
112,40,Swarna Masuri (New),-
113,61,Non A/c Flower,-
114,11,Hybrid,-
115,40,Samba Masuri,-
116,46,Hybrid,-
117,1,Bengal Gram (Split),-
118,45,Bold,-
119,46,(Whole),-
120,62,Papaya,-
121,50,Bold Kernel,-
122,12,Local,-
123,40,Swarna Masuri (OLD),-
124,47,MCU 5,-
125,39,Local,-
126,52,Other,-
127,5,Beelary-Red,-
128,46,F.A.Q. (Whole),-
129,47,Cotton (Unginned),-
130,16,Fine,-
131,63,Local,-
132,40,ADT 37,-
133,14,Jowar (Yellow),-
134,21,Sona Fine,-
135,60,Hybrid,-
136,57,Local(Raw),-
137,21,Sona Mansoori Non Basmati,-
138,56,Beans (Whole),-
139,64,Bhindi,-
140,65,Brinjal,-
141,66,Cucumbar,-
142,67,Green Chilly,-
143,39,Tomato,-
144,1,Average (Whole),-
145,60,Local,-
146,50,Gejje,-
147,5,Local,-
148,12,Puna,-
149,12,Telagi,-
150,8,Potato,-
151,55,Black,-
152,68,Same/Savi Local,-
153,20,White,-
154,50,Other,-
155,65,Round,-
156,69,Other,-
157,6,Nagpuri,Medium
158,7,Other,Small
159,70,JL-24,-
160,40,Paddy Coarse,-
161,12,Paddy fine,-
162,71,Banana - Green,-
163,14,White,-
164,12,Yellow,-
165,51,Local,-
166,5,Onion,-
167,12,Sona,-
168,2,Red Gold,Medium
169,44,Other,-
170,72,Other,Medium
171,73,Other,-
172,74,Other,-
173,55,Other,-
174,75,Other,Medium
175,76,Cabbage,-
176,77,Carrot,-
177,78,Ridgeguard(Tori),-
178,39,Deshi,-
179,79,Yam,-
180,80,Bulb,-
181,12,Finger,-
182,47,Desi,-
183,55,Achhu,-
184,80,Turmeric,-
185,40,Paddy Medium,-
186,43,Local (Whole),-
187,81,Factory,-
188,65,Other,-
189,76,Other,-
190,77,Other,-
191,82,Other,-
192,83,Other,-
193,67,Other,-
194,84,Other,-
195,85,Other,-
196,5,Nasik,-
197,69,Cauliflower,-
198,21,AP Raw Rice 5293,-
199,86,Other,-
200,21,Fine,-
201,12,Fine(Basmati),-
202,87,Other,-
203,88,Other,-
204,11,Rajkot T-9,-
205,89,Other,-
206,14,H.Y.V.,-
207,21,Coarse,-
208,40,Other,-
209,12,Fine,-
210,90,Crushing,-
211,21,Other,-
212,91,Other,-
213,9,Other,-
214,92,Other,-
215,93,Red,-
216,50,Seed,-
217,94,Other,-
218,45,Hybrid,-
219,50,Big (With Shell),-
220,81,Supari,-
221,42,Other,-
222,40,Paddy fine,-
223,12,Paddy Medium,-
224,95,Other,-
225,2,Other,Medium
226,96,Other,-
227,66,Other,-
228,97,Other,-
229,98,Other,-
230,99,Other,-
231,100,Other,Medium
232,63,Red,-
233,101,Other,-
234,12,Medium,-
235,12,Super Fine,-
236,12,I.R. 64,-
237,12,Swarna Masuri (OLD),-
238,21,Basmati-370,-
239,12,Basmati-385,-
240,20,MP Lokwan,-
241,12,MTU-1008,-
242,12,MP Sharbati,-
243,102,Other,-
244,40,I.R. 64,-
245,20,Deshi,-
246,103,Other,-
247,40,I.R. 36,-
248,102,Lak (Whole),-
249,89,Masoor Gola,-
250,81,Bilegotu,-
251,12,Cochin,-
252,42,W-5,-
253,18,Tiria,-
254,19,Yellow,-
255,46,Other,-
256,104,Other,-
257,40,MTU-1001,-
258,105,Other,-
259,106,Other,-
260,107,Other,-
261,21,PR-103,-
262,81,Red,-
263,12,Supari,-
264,18,Sarson(Black),-
265,19,Local,-
266,20,MP Sharbati,-
267,12,WH-542,-
268,45,Other,-
269,108,Other,-
270,90,Other,-
271,45,Deshi,-
272,57,Other,-
273,53,other,-
274,109,Other,-
275,110,Other,-
276,60,Other,-
277,14,Hybrid,-
278,21,IR-8,-
279,12,Masuri,-
280,12,Parmal,-
281,111,Other,-
282,61,Other,-
283,12,Lokwan,-
284,64,Other,-
285,59,Other,-
286,3,Other,Medium
287,112,Other,Medium
288,113,Other,Medium
289,56,Other,-
290,12,Gulabi,-
291,11,Other,-
292,16,White Local,-
293,20,Mexican,-
294,114,Medium,Medium
295,16,White (SAFED),-
296,4,Safeda,Small
297,20,147 Average,-
298,12,Chandausi,-
299,110,Cummin Seed(Jeera),-
300,108,Isabgul (Psyllium),-
301,18,Mustard,-
302,90,Sesame,-
303,115,Suva (Dill Seed),-
304,21,Medium,-
305,43,Other,-
306,13,Desi,-
307,109,Coriander Seed,-
308,14,Local,-
309,13,Garlic,-
310,50,Bold,-
311,20,Kalyan,-
312,16,Deshi Red,-
313,90,White,-
314,20,Local,-
315,110,Common,-
316,12,Bold Kernel,-
317,12,M-37,-
318,16,Yellow,-
319,90,Black,-
320,12,Red,-
321,4,Other,Large
322,6,Other,Large
323,20,Lokwan Gujrat,-
324,12,Sechor No. 1,-
325,116,Other,-
326,71,Other,-
327,117,Other,-
328,118,Other,-
329,119,Other,-
330,93,Dry Sup,-
331,73,Fresh Unbleached,-
332,5,Small - I,-
333,8,Shimla,-
334,120,Other,-
335,121,Other,-
336,122,Other,-
337,123,Other,-
338,78,Other,-
339,124,Other,-
340,125,Other,-
341,126,Other,-
342,127,Other,-
343,128,Other,-
344,129,Other,-
345,130,Other,-
346,131,Other,-
347,132,Other,-
348,133,Other,-
349,134,Other,-
350,47,Shanker 6 (B) 30mm FIne,-
351,12,V-797 22mm FIne,-
352,20,Lokwan,-
353,12,Rajasthan Tukdi,-
354,3,Annabesahai,Large
355,75,Other,Large
356,12,Sesame,-
357,50,G20,-
358,114,Other,Large
359,135,Other,-
360,72,Sapota,Medium
361,136,Other,-
362,137,Other,-
363,12,Shanker 6 (B) 30mm FIne,-
364,135,Methi,-
365,132,Onion Green,-
366,138,Raddish,-
367,93,Bold,-
368,49,Other,-
369,139,Other,-
370,9,Arhar Dal(Tur),-
371,138,Other,-
372,47,Shanker 4 31mm FIne,-
373,47,MCU-5 (A) 31mm FIne,-
374,140,Other,-
375,141,Other,-
376,112,Other,Small
377,142,Other,-
378,52,Caster,-
379,47,H.B (Unginned),-
380,143,Other,-
381,144,Other,-
382,47,170-C2 (Ginned),-
383,145,Other,-
384,18,Yellow (Black),-
385,62,Other,Large
386,146,Other,-
387,147,Other,-
388,45,MH-179,-
389,40,Jaya,-
390,20,Dara,-
391,21,Jaya,-
392,12,Kolam-Non Basmati,-
393,74,Gwar,-
394,43,Bold,-
395,20,Rajasthan Tukdi,-
396,16,Deshi White,-
397,40,G. R. 11,-
398,12,G20,-
399,12,Gejje,-
400,12,Lok-1,-
401,20,Farmi,-
402,143,Cowpea (Whole),-
403,12,Groundnut seed,-
404,19,Soyabeen,-
405,12,Gungri (With Shell),-
406,20,Super Fine,-
407,12,Milbar,-
408,70,Groundnut(Split),-
409,12,Bold,-
410,96,Bottle Gourd,-
411,12,Round/Long,-
412,72,Sapota,Large
413,62,Papaya,Medium
414,2,Other,Small
415,114,Other,Small
416,148,Other,Small
417,72,Other,Small
418,3,Other,Small
419,62,Other,Small
420,100,Other,Small
421,113,Other,Small
422,149,Other,-
423,150,Other,-
424,8,Chips,-
425,12,Desi,-
426,12,Jalander,-
427,58,Other,Small
428,151,Other,-
429,152,Other,-
430,43,Ordinary (Split),-
431,42,W-5/TD-5,-
432,90,Whitish,-
433,12,Round,-
434,114,Champa,Medium
435,65,Round/Long,-
436,153,Other,-
437,154,Other,-
438,112,Other,Large
439,148,Other,Medium
440,6,Other,Medium
441,95,Moath (W),-
442,46,Big (Bhopal) (Split),-
443,12,F.A.Q. (Whole),-
444,114,Ordinary Big,Large
445,12,Ordinary Big,Medium
446,12,Ordinary Big,Small
447,73,Dry,-
448,4,Totapuri,Large
449,7,Pine Apple,Large
450,21,Hmt Rice-Non Basmati,-
451,19,Sup,-
452,57,S.W.,-
453,21,Basmati Charmi,-
454,20,MP 147,-
455,12,MP Lokwan,-
456,2,Kasmir/Shimla - II,Large
457,114,Ordinary Big,Medium
458,3,Annabesahai,Medium
459,4,Totapuri,Medium
460,20,2189 No. 2,-
461,2,Golden,Medium
462,93,Other,-
463,12,Jowar ( White),-
464,4,Hapus(Alphaso),Medium
465,12,Totapuri,Medium
466,7,Other,Medium
467,21,Pusa Basmati Raw (New),-
468,12,Pusa Basmati Raw (Old),-
469,12,Pusa Basmati Sela (Old),-
470,20,Bansi,-
471,21,Basmati Golden Sela Old,-
472,134,Local,-
473,12,Deshi,-
474,2,Other,Large
475,7,Other,Large
476,2,American,Medium
477,4,Hapus(Alphaso),Small
478,2,Golden,Small
479,12,Totapuri,Large
480,4,Dusheri,Medium
481,12,Hapus(Alphaso),Medium
482,114,Medium,Small
483,4,Other,Small
484,4,Other,Medium
485,12,Langra,Medium
486,12,Other,Medium
487,2,American,Large
488,4,Langra,Large
489,20,Sharbati,-
490,1,Good (whole),-
491,4,Fazli,Medium
492,5,Dry F.A.Q.,-
493,12,IR-8,-
494,8,Chandermukhi,-
495,12,Military special,-
496,21,Basmati (Rose),-
497,12,Kalyan,-
498,12,MP Quality,-
499,62,Other,Medium
500,8,Military special,-
501,12,Basmati Golden Sela New,-
502,21,Basmati Golden Sela New,-
503,12,Basmati Paddy,-
504,12,Kasmir/Shimla - II,Medium
505,12,Champa,Medium
506,12,Fazli,Medium
507,12,Other,Large
508,12,Coarse,-
509,4,Dusheri,Large
510,2,Simla,Medium
511,12,Masoori-Non Basmti,-
512,12,Lokwan Gujrat,-
513,12,MP 147,-
514,12,Punjab-Mill Dhada,-
515,4,Langra,Medium
516,13,Average,-
517,155,Other,-
518,2,Kasmir/Shimla - II,Small
519,114,Medium,Large
520,2,Delicious,Medium
521,16,Punjab Sathi-1,-
522,12,PR-103,-
523,12,Simla,Small
524,12,Kesri,Medium
525,2,Simla,Large
526,12,Nagpuri,Small
527,20,2189 No. 1,-
528,2,French,Large
529,12,Kalidevi,-
530,69,Ranchi,-
531,12,R.G.J-34 24mm-Fine,-
532,156,Other,-
533,72,Other,Large
534,12,Kasmir/Shimla - II,Large
535,12,Kasmir/Shimla - II,Small
536,3,Black,Medium
537,12,Green,Large
538,12,Green,Medium
539,12,Green,Small
540,12,Basmati Car,-
541,12,Basmati Charmi,-
542,12,Basmati Silky Kohinoor,-
543,12,Basmati Super Kohinoor,-
544,12,Basmati Trophy,-
545,12,IR 20 Fine Raw,-
546,12,Jaya,-
547,12,Ponni,-
548,12,Ponni (Fine) Boiled,-
549,12,Ponni Fine Raw,-
550,12,IR-8 Raw (New),-
551,12,Zeeraga Samba Rawrice,-
552,21,Basmati Car,-
553,75,Other,Small
554,12,Hybrid,-
555,12,Shelled (Bunch),-
556,16,Hybrid/Local,-
557,12,Whitish,-
558,2,Delicious,Large
559,12,Simla,Large
560,47,LDH-11,-
561,21,PR-106,-
562,12,Simla,Medium
563,7,Pine Apple,Small
564,6,Nagpuri,Large
565,12,Nagpuri,Medium
566,47,LD-327,-
567,12,Golden,Large
568,12,Golden,Medium
569,12,Golden,Small
570,2,Golden,Large
571,134,Deshi,-
572,50,M-13,-
573,16,Red,-
574,6,Medium,Large
575,12,Superior,-
576,50,F.A.Q,-
577,12,M-13,-
578,18,Laha(Sarsib),-
579,63,Other,-
580,157,Other,-
581,158,Other,-
582,2,Creamjon,Medium
583,159,Other,-
584,110,Desi,-
585,3,Other,Large
586,40,ADT 39,-
587,12,ADT 43,-
588,12,Champakali,-
589,12,I.R. 20,-
590,12,I.R. 50,-
591,14,Jowar Hybrid,-
592,12,Mexican,-
593,40,ADT 43,-
594,19,Sup,Large
595,12,Sup,-
596,58,Other,Large
597,58,Other,Medium
598,143,Cowpea Dal (Split),-
599,41,Other,-
600,12,J 13,-
601,80,Other,-
602,12,Other,Small
603,20,Sona,-
604,100,Other,Large
605,12,Delicious,Medium
606,12,Delicious,Small
607,40,Champakali,-
608,160,Other,Medium
609,161,Other,Medium
610,12,ADT 39,-
611,40,J 13,-
612,20,Maharashtra 2189,-
613,162,Other,-
614,44,IISort without Husk,-
615,47,CJ 73 22mm FIne,-
616,12,Shanker 4 31mm FIne,-
617,80,Rajapuri,-
618,163,Gouard,-
619,69,Local,-
620,50,Groundnut seed,-
621,139,Horse gram (Whole),-
622,12,Small - I,-
623,40,Paddy Jyoti,-
624,21,Dappa,-
625,164,Other,-
626,165,Thekken,-
627,60,Byadgi,-
628,50,Balli/Habbu,-
629,5,Bangalore-Samall,-
630,12,Beelary-Red,-
631,8,(Red Nanital),-
632,63,Fine,-
633,12,Dappa,-
634,12,147 Best,-
635,47,LD-230,-
636,43,ML-267,-
637,46,AL-15,-
638,12,Paddy Jyoti,-
639,8,Local,-
640,166,Other,-
641,21,Parmal,-
642,12,RR21,-
643,47,Krishna,-
644,60,Dabbi,-
645,12,Kaddi,-
646,125,Sweet Potato,-
647,12,Guntur,-
648,167,Other,-
649,168,Other,-
650,169,Cow,-
651,55,Unde,-
652,170,Other,-
653,171,Other,-
654,172,She Goat,-
655,20,H.D.,-
656,40,Paddy Dappa,-
657,173,Other,-
658,12,Annabesahai,Medium
659,14,Bijapur,-
660,12,PPII-4,-
661,160,Other,Large
662,81,api,-
663,12,Chali,-
664,12,Gorabalu,-
665,47,American,-
666,6,Other,Small
667,160,Other,Small
668,114,Other,Medium
669,40,Basumathi,-
670,174,Other,-
671,175,Other,-
672,176,Other,Medium
673,176,Other,Large
674,176,Other,Small
675,177,Other,Small
676,2,Apple,Medium
677,148,Ber(Zizyphus),Medium
678,112,Guava,Medium
679,176,Kinnow,Medium
680,99,Peas Wet,-
681,100,Pomogranate,Medium
682,142,Spinach,-
683,178,Other,-
684,179,Other,Small
685,178,Other Vegetables,-
686,65,Arkasheela Mattigulla,-
687,180,Other,-
688,162,Green Peas,-
689,3,Annabesahai,Small
690,179,Other,Medium
691,11,Black Gram Dal,-
692,12,Annabesahai,-
693,12,Ordinary (Split),-
694,40,I.R. 20,-
695,47,Varalakshmi (Ginned),-
696,114,Nauti Bale,Medium
697,3,White,Medium
698,12,Black Gram Dal,-
699,165,Ungrabled,-
700,12,Paddy Coarse,-
701,21,Basumathi,-
702,12,Bette,-
703,3,Green,Large
704,181,Avare (Whole),-
705,1,Bengal Gram Dal,-
706,60,Guntur,-
707,92,Green Gram Dal,-
708,12,Mudde,-
709,89,Masur Dal,-
710,95,Moath Dal,-
711,61,Tamarind Fruit,-
712,114,Pachha Bale,Medium
713,182,Other,-
714,183,Other,-
715,21,Fine(Basmati),-
716,159,Capsicum,-
717,59,Coriander,-
718,184,Other,-
719,101,Pumpkin,-
720,180,Turnip,-
721,2,Royal Mishri,Medium
722,185,Galgal(Lemon),-
723,97,Green Ginger,-
724,6,Orange,Medium
725,2,Apple,Small
726,186,Indian Colza(Sarson),-
727,85,Knool Khol,-
728,12,Maharaji,Medium
729,114,Banana - Ripe,Medium
730,116,Bitter Gourd,-
731,187,Other,-
732,5,Medium,-
733,28,Other,-
734,9,Medium,-
735,8,Red,-
736,12,Motta (Coarse) Boiled,-
737,188,Other,-
738,189,Other,-
739,169,Other,-
740,190,Other,-
741,191,Other,-
742,20,Medium,-
743,94,Peas(Dry),-
744,28,Medium,-
745,187,Dalda,-
746,21,Boiled Rice,-
747,12,Broken Rice,-
748,28,Chini,-
749,28,M-30,-
750,192,Assam C.T.C. Dust,-
751,12,Assam C.T.C. Leaf,-
752,20,Coarse,-
753,193,Alasande Gram,-
754,81,Other,-
755,165,Other,-
756,81,Bette,-
757,194,Chennangi Dal,-
758,12,Mankattu,-
759,195,Dry Grapes,-
760,17,Methiseeds,-
761,196,Other,-
762,197,Medium,-
763,28,Shakkar,-
764,80,Turmeric Stick,-
765,2,Apple,Large
766,163,Ashgourd,Large
767,114,Elakki Bale,-
768,12,Nauti Bale,-
769,12,Pachha Bale,-
770,71,Banana - Green,Large
771,129,Beetroot,Large
772,64,Bhindi,Large
773,116,Bitter Gourd,Large
774,198,Borehannu,Large
775,96,Bottle Gourd,Large
776,65,Brinjal,Large
777,199,Bunch Beans,Large
778,76,Cabbage,Large
779,77,Carrot,Large
780,69,Cauliflower,Large
781,200,Chapparada Avarekai,Large
782,130,Chilly Capsicum,Large
783,117,Cowpea (Veg),Large
784,66,Cucumbar,Large
785,3,Black,Large
786,201,Green Avare (W),Large
787,67,Green Chilly,Large
788,97,Green Ginger,Large
789,202,Karbhuja,Large
790,85,Knool Khol,Large
791,75,Mousambi,Large
792,6,Orange,Large
793,62,Papaya,Large
794,99,Peas Wet,Large
795,7,Pine Apple,-
796,100,Pomogranate,Large
797,138,Raddish,Large
798,78,Ridgeguard(Tori),Large
799,203,Seemebadanekai,Large
800,204,Snakeguard,Large
801,205,Suvarnagadde,Large
802,125,Sweet Potato,Large
803,164,Sweet Pumpkin,Large
804,206,Thondekai,Large
805,39,Tomato,Large
806,113,Water Melon,Large
807,55,Mudde,-
808,5,Pusa-Red,-
809,196,Navane Hybrid,-
810,59,Local,Large
811,12,Jowar Hybrid,-
812,21,Broken Rice,-
813,12,CR 1009 (Coarse) Boiled,-
814,19,Soyabeen,Large
815,51,Sunflower,Large
816,20,Red,-
817,47,LH-1556,-
818,50,Gejje,Small
819,193,Alasande Gram,Medium
820,129,Beetroot,Medium
821,1,Bengal Gram Dal,Medium
822,1,Jawari/Local,Medium
823,64,Bhindi,Medium
824,116,Bitter Gourd,Medium
825,11,Black Gram Dal,Medium
826,96,Bottle Gourd,Medium
827,65,Round/Long,Medium
828,168,Bull,Medium
829,199,Bunch Beans,Medium
830,76,Cabbage,Medium
831,77,Carrot,Medium
832,44,Coconut,Medium
833,12,Coconut,-
834,47,MCU 5,Medium
835,12,MCU 5,-
836,12,Varalakshmi (Ginned),Medium
837,12,Varalakshmi (Ginned),-
838,169,Cow,Medium
839,66,Cucumbar,Medium
840,201,Green Avare (W),Medium
841,67,Green Chilly,Medium
842,43,Green (Whole),Medium
843,162,Green Peas,Medium
844,50,Gejje,Medium
845,55,Achhu,Medium
846,3,Annabesahai,-
847,139,Horse gram (Whole),Medium
848,14,Jowar Hybrid,Medium
849,85,Knool Khol,Medium
850,16,Local,Medium
851,5,Onion,Medium
852,12,Onion,-
853,170,Ox,Medium
854,40,Paddy Coarse,Medium
855,12,Paddy fine,Medium
856,12,Paddy Medium,Medium
857,8,Potato,Medium
858,138,Raddish,Medium
859,63,Local,Medium
860,21,Medium,Medium
861,78,Ridgeguard(Tori),Medium
862,203,Seemebadanekai,Medium
863,171,She Baffelo,Medium
864,51,Local,Medium
865,205,Suvarnagadde,Medium
866,164,Sweet Pumpkin,Medium
867,206,Thondekai,Medium
868,39,Tomato,Medium
869,20,Super Fine,Medium
870,47,GCH,-
871,19,Soyabeen,Medium
872,20,White,Medium
873,47,GCH,Medium
874,129,Beetroot,-
875,97,Green Ginger,Medium
876,16,Hybrid/Local,Medium
877,40,Paddy,Medium
878,21,Coarse,Medium
879,39,Tomato,Small
880,163,Ashgourd,-
881,118,Drumstick,-
882,164,Sweet Pumpkin,-
883,206,Thondekai,-
884,9,Phatka (Medium),Small
885,12,Phatka (Medium),-
886,12,Shivling Imp New,Small
887,12,Shivling Imp New,-
888,12,Shivling New Ind,Large
889,12,Shivling New Ind,-
890,52,Castor seed,Small
891,12,Castor seed,-
892,47,F-1054,Medium
893,12,F-1054,-
894,50,Gungri (With Shell),Small
895,14,Jowar ( White),Small
896,5,Onion,Small
897,40,Rajahamsa,Small
898,12,Rajahamsa,-
899,12,Sona Mahsuri,Small
900,51,Sunflower,Medium
901,12,Sunflower,-
902,40,Paddy emerigency,Medium
903,21,Broken Rice,Medium
904,12,Pusa Basmati Raw (Old),Medium
905,40,1001,Medium
906,203,Seemebadanekai,-
907,207,Thogarikai,-
908,20,Jawari,-
909,208,Other,-
910,3,Black,-
911,21,Hansa,-
912,44,Medium,Medium
913,71,Banana - Green,Medium
914,44,IISort without Husk,Medium
915,209,Tender Coconut,Medium
916,113,Water Melon,Medium
917,81,Cqca,-
918,12,New Variety,-
919,44,Grade- II,Small
920,12,Grade-I,Large
921,21,Kachha Basmati,-
922,40,I.R. 64,Medium
923,173,Sheep Large,-
924,40,Paddy Medium,Medium
925,39,Hybrid,Medium
926,81,Sippegotu,Medium
927,40,Jaya,Medium
928,125,Sweet Potato,Medium
929,55,Black,Medium
930,12,Black,-
931,209,Tender Coconut,-
932,6,Orange,-
933,113,Water Melon,-
934,60,Kaddi,Medium
935,210,Safflower,-
936,45,Hybrid,Medium
937,1,Average (Whole),Medium
938,168,Bull,Large
939,169,Cow,Large
940,190,Goat,Large
941,170,Ox,Large
942,211,Ram,Large
943,90,White,Large
944,171,She Baffelo,Large
945,172,She Goat,Large
946,173,Sheep Medium,Large
947,170,Ox,-
948,211,Ram,-
949,171,She Baffelo,-
950,173,Sheep Small,-
951,55,Nizamabad,-
952,201,Green Avare (W),-
953,168,Bull,-
954,191,He Baffelo,-
955,173,Sheep Medium,-
956,47,Laxmi (Ginned),-
957,55,Nizamabad,Medium
958,40,Paddy emerigency,-
959,12,Sona,Medium
960,1,Average (Whole),Large
961,14,Jowar Hybrid,Large
962,40,Paddy Dappa,Large
963,209,Tender Coconut,Small
964,208,Other,Small
965,12,Kempugotu,-
966,12,Rashi,-
967,50,Natte,-
968,40,Hansa,Medium
969,12,Nendra Bale,-
970,44,Grade- II,-
971,12,Grade-I,-
972,40,Bangarasanna,-
973,12,Kattasambar,-
974,21,CR 1009 (Coarse) Boiled,-
975,55,Yellow,-
976,47,Hampi (Ginned),-
977,199,Bunch Beans,-
978,200,Chapparada Avarekai,-
979,204,Snakeguard,-
980,166,White Pumpkin,-
981,114,Pachha Bale,-
982,12,Hansa,-
983,12,Coarse (I.R.20),-
984,208,Eucalyptus,-
985,12,Kurikatu,Medium
986,12,Yellow,Medium
987,12,EDI,-
988,12,Saraku,-
989,81,Chali,-
990,12,Sippegotu,-
991,81,api,Medium
992,12,Churu,Medium
993,12,Rashi,Medium
994,5,Other,Medium
995,8,Other,Medium
996,3,Other,-
997,53,Medium,-
998,53,Copra,Medium
999,12,Chippu,-
1000,12,Cqca,-
1001,12,Factory,-
1002,12,Ripe,-
1003,81,Chippu,-
1004,12,Kole,-
1005,12,Tattibettee,-
1006,12,Bilegotu,-
1007,81,New Variety,-
1008,55,Kurikatu,Medium
1009,40,Paddy Dappa,Medium
1010,12,Sona Fine,-
1011,3,Green,Small
1012,80,Finger,-
1013,212,Other,-
1014,163,Other,-
1015,114,Nendra Bale,Medium
1016,12,Palayamthodan,Medium
1017,12,Poovan,Medium
1018,12,Red Banana,Medium
1019,12,Robusta,Medium
1020,12,White (Whole),-
1021,213,Other,-
1022,214,Other,-
1023,12,White Parboiled,-
1024,204,Other,-
1025,215,Other,-
1026,12,Punjab - Sona Kalyan,-
1027,216,Other,-
1028,21,H.Y.V.,-
1029,213,Refind Copra Oil,-
1030,217,Other,-
1031,218,Other,-
1032,12,Rasakathai,Medium
1033,5,Big,-
1034,12,Small,-
1035,219,Other,-
1036,81,Cochin,-
1037,117,Cowpea (Veg),-
1038,220,Other,-
1039,221,Other,-
1040,114,Nendra Bale,Large
1041,149,Amaranthus,-
1042,212,Amphophalus,-
1043,215,Tapioca,-
1044,165,Malabar,-
1045,81,Malbar,-
1046,12,Apple,Medium
1047,12,Apple,Small
1048,219,Soji,-
1049,4,Totapuri,Small
1050,222,Other,-
1051,222,Kabuli Chana(Chickpeas-white),-
1052,223,Other,-
1053,130,Chilly Capsicum,-
1054,47,DCH-32 (Ginned),-
1055,139,Medium,-
1056,47,DCH-32(Unginned),-
1057,14,Annigeri,-
1058,20,Lok -1 (Nilami Rate),-
1059,1,Desi (F.A.Q. Split),-
1060,224,Other,-
1061,47,H4,-
1062,15,Linseed,-
1063,20,147 Best,-
1064,18,Lohi Black,-
1065,12,Soyabeen,-
1066,46,Small (Whole),-
1067,73,Unbleached,-
1068,12,H4,-
1069,225,Other,-
1070,16,Medium,-
1071,226,Other,-
1072,68,Other,-
1073,81,Gorabalu,-
1074,1,Kabul Small,-
1075,55,Red,-
1076,2,Other,-
1077,72,Other,-
1078,227,Other,-
1079,228,Other,-
1080,112,Other,-
1081,6,Other,-
1082,7,Other,-
1083,100,Other,-
1084,21,1009 Kar,-
1085,161,Other,-
1086,113,Other,-
1087,114,Other,-
1088,40,White Ponni,-
1089,51,Other,-
1090,14,Red,-
1091,47,H-4(A) 27mm FIne,-
1092,160,Other,-
1093,210,Other,-
1094,197,Other,-
1095,40,1121,-
1096,12,Basumathi,-
1097,12,DP,-
1098,12,Sarvati,-
1099,184,Mashrooms,-
1100,150,Mint(Pudina),-
1101,229,Chysanthemum(Loose),-
1102,230,Delha,-
1103,231,Jaffri,-
1104,154,Rose(Loose),-
1105,232,Tube Rose (Loose),-
1106,174,Dry Fodder,-
1107,233,Boiler/Firm(White),-
1108,234,Bata Putti,-
1109,12,Black Dom,-
1110,12,Blue Dom,-
1111,12,Chilwa,-
1112,12,Halwa,-
1113,12,Hilsa,-
1114,12,Katla (Small),-
1115,12,Katla(Big),-
1116,12,Malli(Big),-
1117,12,Malli(Small),-
1118,12,Mangoor,-
1119,12,Pangass,-
1120,12,Rahu(Andhra),-
1121,12,Rahu(Local),-
1122,12,Singhra(Big),-
1123,12,Singhra(Small),-
1124,12,Sol,-
1125,12,Soli,-
1126,12,Surmai(Big),-
1127,12,Surmali(Small),-
1128,12,White Dom,-
1129,12,Zinga(Zambo-A),-
1130,12,Zinga(Zambo-B),-
1131,12,Zinga(Zambo-C),-
1132,235,Boiler/Firm(White-Brown),-
1133,236,Dhap,-
1134,12,Pindi,-
1135,237,Anthorium,-
1136,238,Other,-
1137,239,Cornation,-
1138,240,Gladiolus Cut Flower,-
1139,241,Jerbara,-
1140,242,Lily,-
1141,153,Marygold(Calcutta),-
1142,243,Orchid,-
1143,244,Patti Calcutta,-
1144,245,Rose (Local),-
1145,246,Rose(Tata),-
1146,247,Tube Rose (Single),-
1147,2,Delicious,Small
1148,114,Khandesh,Small
1149,72,Sapota,Small
1150,112,Guava,Small
1151,202,Karbhuja,Small
1152,75,Mousambi,Small
1153,62,Papaya,Small
1154,100,Pomogranate,Small
1155,113,Water Melon,Small
1156,46,Ordinary (Split),-
1157,20,UP 308,-
1158,248,Other,-
1159,249,Other,-
1160,234,Fish,-
1161,235,Boiler/Firm(White),-
1162,21,Alur Sanna,-
1163,234,Other,-
1164,21,Milled,-
1165,233,Other,-
1166,250,Other,-
1167,114,Banana - Ripe,Large
1168,12,Banana - Ripe,Medium
1169,12,Banana - Ripe,Small
1170,234,Katla (Small),-
1171,21,Suvarna Medium,-
1172,79,Other,-
1173,190,Goat,-
1174,55,NO 1,-
1175,80,Local,-
1176,251,Other,-
1177,185,Other,-
1178,47,R.G.J-34 24mm-Fine,-
1179,186,Other,-
1180,82,Field Pea,-
1181,176,Kinnow,Large
1182,5,Hlybrid,-
1183,252,Other,-
1184,47,Jaydhar,-
1185,6,Nagpuri,Small
1186,12,Espani,-
1187,134,Dara,-
1188,20,C-83,-
1189,12,Dara,-
1190,128,Amla,-
1191,73,Vegitable-fresh,-
1192,12,Guava,Small
1193,146,Leafy Vegetables,-
1194,151,Gram Raw(Chholia),-
1195,253,Other,-
1196,254,Other,-
1197,12,Green,-
1198,113,Other,Large
1199,40,A. Ponni,-
1200,12,ADT 36,-
1201,255,Other,-
1202,21,Arcot Kichikdi,-
1203,12,Sarson(Black),-
1204,20,Dara Mill Quality,-
1205,256,Other,-
1206,112,Guava,Large
1207,12,Guava,Medium
1208,43,Hybrid,-
1209,257,Other,-
1210,47,320F,-
1211,20,1482,-
1212,256,Wool,-
1213,109,Eagle,-
1214,12,Deshi White,-
1215,12,Gajjar,-
1216,12,Hybrid Yellow (Cattle Feed),-
1217,201,Avare (W),-
1218,203,Other,-
1219,47,LRA,-
1220,40,AST 16,-
1221,12,3rd Sort,-
1222,5,1st Sort,-
1223,12,Talu,-
1224,40,Chitti Muthyalu,-
1225,40,Hansa,-
1226,2,Apple,-
1227,72,Sapota,-
1228,47,G-6,-
1229,12,Savita,-
1230,137,Cluster Beans,-
1231,40,I.R.-64,-
1232,8,Jyoti,-
1233,258,Other,-
1234,235,Other,-
1235,259,Other,-
1236,21,III,-
1237,73,Small,-
1238,8,F.A.Q.,-
1239,139,Small,-
1240,194,Other,-
1241,1,Kabal (Split),-
1242,11,Medium,-
1243,75,Mousambi,Medium
1244,40,B.A.M. 3,-
1245,6,Darjeeling,Medium
1246,12,Medium,Medium
1247,192,Assam C.T.C. Leaf,-
1248,12,Ordinary Big,Large
1249,42,TD-5,-
1250,21,Masuri,-
1251,12,TD-5,-
1252,12,Yellow (Black),-
1253,12,H.Y.V.,-
1254,167,Local,-
1255,114,Champa,Large
1256,12,Champa,Small
1257,21,CO-43 (Medium) Boiled,-
1258,260,Big,-
1259,6,Darjeeling,Large
1260,12,Darjeeling,Medium
1261,12,Darjeeling,Small
1262,12,Tomato,-
1263,21,Ratnachudi (718 5-749),-
1264,57,Kernel,-
1265,12,Mousambi,Medium
1266,12,Mousambi,Small
1267,234,Rahu(Local),-
1268,21,IR 50,-
1269,2,Fanny,Small
1270,50,MG-84,-
1271,55,NO 2,-
1272,12,NO 3,-
1273,60,White,-
1274,12,1st Sort,-
1275,61,Flower A/c,-
1276,12,Karpuli A/c Fine,-
1277,206,Other,-
1278,12,ADT 37,-
1279,40,PY. 03,-
1280,44,Big,-
1281,21,Sona,-
1282,12,NO 2,-
1283,4,Hapus(Alphaso),Large
1284,114,Champa,Small
1285,20,343,-
1286,45,Small,-
1287,9,Phatka (Medium),-
1288,47,H.B (Ginned),-
1289,12,Jaydhar,-
1290,40,Rajahamsa,-
1291,12,Simla,-
1292,5,Puna,-
1293,47,F-1054,-
1294,21,Pusa Basmati Raw (Old),-
1295,12,Krishna,-
1296,12,Paddy emerigency,-
1297,21,Sarbati Raw,-
1298,114,Ordinary Big,Small
1299,5,Red,Medium
1300,12,Sarbati Raw,-
1301,12,LD-327,-
1302,90,Red,-
1303,261,Jaydhar,-
1304,261,D.C.H.,-
1305,210,F.A.Q. Bold,-
1306,45,Jawari,-
1307,80,Rajmundhry,-
1308,183,Tamarind Seed,-
1309,12,Farmi,-
1310,12,Dara Mill Quality,-
1311,5,Red,Small
1312,12,CO 36,-
1313,179,Other,Large
1314,73,Fresh (Assam),-
1315,182,Honge Seed,-
1316,63,Feeds (Poultry Quality),-
1317,40,Gowri Sanna,-
1318,39,Sankar,-
1319,205,Suvarnagadde,-
1320,12,IR20 Parboiled,-
1321,262,Other,-
1322,12,Paddy Dappa,-
1323,8,Badshah,-
1324,63,Medium,-
1325,12,Pine Apple,Small
1326,16,Pearl,-
1327,9,Shivling Imp New,-
1328,12,Black,Small
1329,20,2329,-
1330,43,ML-5,-
1331,47,Farm (Unginned),-
1332,1,White (Whole),-
1333,14,H.Y.V.,Medium
1334,12,Avare (Whole),-
1335,12,Bengal Gram Dal,-
1336,12,Gouard,-
1337,12,Raddish,-
1338,12,Ridgeguard(Tori),-
1339,12,Sweet Pumpkin,-
1340,12,Water Melon,-
1341,12,Nagpuri,Large
1342,20,PBW-343,-
1343,4,Chausa,Medium
1344,12,White Ponni,-
1345,114,Medium,-
1346,100,Pomogranate,-
1347,12,American,Large
1348,6,Medium,Small
1349,12,Medium,Large
1350,12,Dosa Rice,-
1351,44,Grade-I,-
1352,6,Nagpuri,-
1353,114,Besrai,Large
1354,12,Pommani,-
1355,20,MP 308,-
1356,12,Potato,-
1357,114,Banana - Ripe,-
1358,12,Pylone,-
1359,55,Kurikatu,-
1360,12,NO 1,-
1361,12,IR 20 Medium Boiled,-
1362,12,MP(Desi),-
1363,114,Besrai,Medium
1364,6,Inferior,Medium
1365,20,Superior,-
1366,40,Emergency,-
1367,12,Golden,-
1368,55,Mattikari,-
1369,263,Firewood,-
1370,4,Other,-
1371,264,Antawala,-
1372,43,Small,-
1373,40,Intan,-
1374,12,Kesari (Coorg),-
1375,12,Lok-1 Best,-
1376,114,Besrai,Small
1377,4,Dusheri,Small
1378,114,Khandesh,Medium
1379,12,Seemebadanekai,-
1380,81,Pylone,-
1381,12,American,Medium
1382,12,Medium,Small
1383,44,Small,-
1384,265,Sajje,-
1385,114,Ordinary Big,-
1386,226,Niger Seed,-
1387,266,Other,-
1388,21,Dosa Rice,-
1389,21,Govt. Quality,-
1390,21,Super Fine,-
1391,267,Gurellu,-
1392,21,Mandya-vani,-
1393,50,Gungri (With Shell),-
1394,12,Sapota,Small
1395,21,IR 20 Fine Raw,-
1396,201,Other,-
1397,4,Chausa,Small
1398,268,Other,-
1399,133,Toria,-
1400,40,Paddy Vijaya,-
1401,47,"DIGVIJAY 24mm, Superfine",-
1402,65,West Coast Round,-
1403,3,Green,-
1404,202,Other,Medium
1405,40,B. T.,-
1406,141,Tinda,-
1407,192,Other,-
1408,88,Maida Atta,-
1409,91,Wheat Atta,-
1410,114,Elakki Bale,Large
1411,118,Drumstick,Large
1412,81,Bette,Medium
1413,14,Jowar ( White),Medium
1414,265,Sajje,Medium
1415,44,Coconut,Small
1416,14,Local,Medium
1417,9,Phatka (Medium),Medium
1418,12,Shivling Imp New,Medium
1419,45,Local,Small
1420,12,Sona Mahsuri,Large
1421,12,Pusa Basmati Sela (Old),Medium
1422,12,Sarbati Raw,Medium
1423,80,Local,Medium
1424,16,Yellow,Medium
1425,190,Goat,Medium
1426,40,Sona,Medium
1427,173,Sheep Medium,Medium
1428,191,He Baffelo,Medium
1429,211,Ram,Medium
1430,172,She Goat,Medium
1431,11,Khamgaon(Akola),-
1432,55,Yellow,Medium
1433,47,R-51 (Ginned),-
1434,44,Other,Small
1435,21,Govt. Quality,Large
1436,114,Khandesh,Large
1437,47,Hampi (Ginned),Medium
1438,12,LH-1556,Medium
1439,44,Medium,Large
1440,269,Maragenasu,-
1441,12,Rajmundhry,-
1442,8,Jalander,-
1443,21,Coarse (I.R.20),-
1444,81,Raw,Medium
1445,12,Hamsa St.,-
1446,145,Mataki (W),-
1447,81,Churu,-
1448,21,Chintamani Sanna,-
1449,12,Farm (Unginned),-
1450,114,Khandesh,-
1451,21,Basmati Paddy,-
1452,12,Poovan,Small
1453,207,Other,-
1454,12,Thogarikai,-
1455,152,Mango - Raw-Ripe,-
1456,260,Other,-
1457,270,Other,-
1458,271,Other,-
1459,218,RSS-4,-
1460,114,Palayamthodan,Medium
1461,12,Mataa Parboiled,-
1462,21,Kaddi,-
1463,70,Other,-
1464,272,Other,Medium
1465,14,Yellow,-
1466,103,Cereals,-
1467,12,Small (Whole),-
1468,4,Safeda,Large
1469,3,White,-
1470,44,Imported,-
1471,12,Phatka (Medium),Small
1472,2,American,-
1473,47,CO2 (Ginned),-
1474,21,BT Sona,-
1475,144,Chewing,-
1476,40,Paddy Arti - Masuri,-
1477,47,F-846,-
1478,12,Lh-1134,-
1479,40,Alur Sanna,-
1480,6,Inferior,Small
1481,75,Other,-
1482,273,Other,-
1483,21,Hamsa St.,-
1484,274,Other,-
1485,275,Other,-
1486,12,Rajasthan Line,-
1487,3,Black,Small
1488,276,Other,-
1489,12,ML-267,-
1490,12,BT Sona,-
1491,12,Kinnow,Small
1492,277,Other,-
1493,134,P1-426,-
1494,12,Warangal Culture,-
1495,251,Chow Chow,-
1496,47,Savita,-
1497,50,M-522,-
1498,40,MTU-2077,-
1499,47,H 420,-
1500,41,White,-
1501,50,Big (With Shell),Medium
1502,73,Dry,Medium
1503,5,Bombay (U.P.),Medium
1504,8,Chandermukhi,Medium
1505,14,Hybrid,Medium
1506,12,Jowar ( White),Medium
1507,47,A.C. 122- H4,-
1508,51,Bold,-
1509,12,Suvarna Medium,-
1510,1,Medium,-
1511,236,Other,-
1512,40,Sona Masuri (OLD),-
1513,12,W-5/TD-5,-
1514,5,White,-
1515,12,Papaya,Medium
1516,278,Other,-
1517,55,Khandsari,-
1518,75,Mousambi,-
1519,12,Sona Mahsuri,Medium
1520,190,Goat,Small
1521,68,Same/Savi Local,Medium
1522,45,Hybrid,Large
1523,16,Hybrid/Local,Large
1524,56,Beans (Whole),Medium
1525,65,Brinjal,Medium
1526,66,Cucumbar,Small
1527,5,Local,Medium
1528,8,Potato,Small
1529,12,Rajahamsa,Medium
1530,78,Ridgeguard(Tori),Small
1531,20,Bansi,Medium
1532,60,Byadgi,Medium
1533,81,Rashi,-
1534,139,Horse gram (Whole),Large
1535,279,Citrus Fruits,-
1536,12,Bhindi,-
1537,12,Brinjal,-
1538,12,Cabbage,-
1539,44,IISort without Husk,Large
1540,12,IISort without Husk,-
1541,12,Green Avare (W),-
1542,12,Green Chilly,-
1543,21,Medium,Large
1544,9,Arhar Dal(Tur),Medium
1545,59,Local,Medium
1546,60,Other,Medium
1547,50,Other,Medium
1548,55,Other,Medium
1549,197,Medium,Medium
1550,61,Tamarind Fruit,Medium
1551,81,Raw,-
1552,4,Dinga,Medium
1553,12,Safeda,Medium
1554,12,Suyodhar (Ginned),-
1555,2,Simla,Small
1556,12,Arhar Dal(Tur),-
1557,12,Big (With Shell),-
1558,280,Other,-
1559,50,Hybrid,-
1560,12,French,-
1561,208,Silveroak,-
1562,13,Average,Medium
1563,12,Safeda,Small
1564,47,Jaydhar,Medium
1565,261,Jaydhar,Medium
1566,51,GKFSH-2002,-
1567,40,Hassan Dappa,-
1568,106,Bamboo,-
1569,2,Creamjon,Large
1570,143,Cowpea (Whole),Small
1571,172,She Goat,Small
1572,173,Sheep Large,Medium
1573,67,Green Chilly,Small
1574,40,Jaya,Small
1575,2,Creamjon,-
1576,60,Dabbi,Medium
1577,12,Guntur,Medium
1578,12,Kaddi,Medium
1579,44,Big,Medium
1580,21,Jaya,Medium
1581,47,Varalakshmi (Ginned),Medium
1582,21,IR 20 Medium Boiled,-
1583,8,Desi,Small
1584,50,Gejje,Large
1585,63,Hybrid,-
1586,114,Champa,-
1587,20,MP(Desi),-
1588,21,Dappa,Medium
1589,55,NO 1,Medium
1590,40,Hassan Dappa,Medium
1591,4,Raspuri,-
1592,12,Totapuri,-
1593,11,Black Gram (Whole),Medium
1594,63,Medium,Medium
1595,21,Hmt Rice-Non Basmati,Large
1596,12,Hmt Rice-Non Basmati,-
1597,143,Cowpea (Whole),Medium
1598,183,Tamarind Seed,Medium
1599,114,Nauti Bale,-
1600,9,Shivling New Ind,-
1601,50,DMV-7,-
1602,4,Malgoa,-
1603,12,Raspuri,-
1604,47,cotton (Ginned),-
1605,12,Teal,-
1606,12,Surkha,Medium
1607,12,Fazli,Large
1608,12,Surkha,Large
1609,14,H.B,-
1610,73,Other,Medium
1611,274,Jack Fruit,-
1612,170,Ox,Small
1613,11,Jalgaon,-
1614,20,MP Quality,-
1615,12,LH-1556,-
1616,12,Khandesh,Small
1617,8,Jalander,Medium
1618,208,Casuarina,-
1619,4,Badami,-
1620,3,Badami Kai,-
1621,175,Cotton Seed,-
1622,167,Local,Large
1623,12,Totapuri,Small
1624,3,Badami Kai,Medium
1625,12,Dappa,Medium
1626,55,Anakapalli,-
1627,11,FQ(Burma),-
1628,51,F.A.Q.,-
1629,12,api,-
1630,12,Silveroak,-
1631,167,Local,Small
1632,21,Other,Medium
1633,20,WL711,-
1634,21,Pusa Basmati Sela (Old),-
1635,46,Masuri (W-S),-
1636,11,SQ(Burma),-
1637,47,Bengal Deshi (A) FIne,-
1638,12,Fresh Unbleached,-
1639,20,343,Small
1640,65,Malakura,Large
1641,21,Ambemohor Basmati,Small
1642,12,Delicious,Large
1643,12,Dusheri,Medium
1644,12,2329,-
1645,12,Shimla,-
1646,12,IR-8 Raw (Old),-
1647,21,Ambemohor Basmati,Large
1648,20,147 Best,Small
1649,50,Shelled (Bunch),-
1650,219,White Soji,-
1651,12,Paddy Dappa,Medium
1652,281,Neem Seed,-
1653,21,Kachha Basmati,Large
1654,60,Guntur,Medium
1655,47,Suyodhar (Ginned),-
1656,125,Other,Medium
1657,208,Other,Medium
1658,12,Sadharan,-
1659,12,Safeda,Large
1660,20,Rajasthan Line,-
1661,50,Balli/Habbu,Medium
1662,12,MCU-5 (A) 31mm FIne,-
1663,12,Moath Dal,-
1664,21,Pusa Basmati (Paddy),-
1665,12,Khand,-
1666,168,Bull,Small
1667,169,Cow,Small
1668,211,Ram,Small
1669,171,She Baffelo,Small
1670,264,Antawala,Medium
1671,47,Aka-1 (Unginned),Medium
1672,20,PBW-34,-
1673,21,Arti Mashuri,-
1674,165,Other,Medium
1675,20,RR21,-
1676,226,Niger Seed,Medium
1677,4,Hapus(Alphaso),-
1678,12,Malgoa,-
1679,12,Neelam,-
1680,21,Bellary Sanna,-
1681,12,Kurikatu,-
1682,197,Other,Medium
1683,14,H.Y.V.,Small
1684,20,Raj-3765,-
1685,12,Hapus(Alphaso),Large
1686,282,Binoula,-
1687,40,ADT 36,-
1688,12,R-51 (Ginned),-
1689,146,Leafy Vegetables,Small
1690,283,Other,-
1691,210,Safflower,Medium
1692,20,PISSI,-
1693,208,Teal,-
1694,81,Kempugotu,-
1695,2,Creamjon,Small
1696,12,CO-43 (Medium) Boiled,-
1697,13,Desi,Small
1698,4,Neelam,-
1699,12,P1-426,-
1700,59,I Sort,-
1701,20,Other,Medium
1702,92,Green Gram Dal,Medium
1703,5,Bangalore-Samall,Medium
1704,21,Kachha Basmati,Medium
1705,284,Other,-
1706,20,Local,Medium
1707,44,Grade- II,Medium
1708,166,White Pumpkin,Medium
1709,285,Other,-
1710,286,Other,-
1711,73,Fresh Unbleached,Medium
1712,287,Other,-
1713,288,Other,-
1714,12,Nendra Bale,Medium
1715,195,Other,-
1716,21,Annapoorna,-
1717,12,AP Raw Rice 5293,-
1718,274,Jack Fruit,Medium
1719,281,Other,-
1720,2,Simla,-
1721,12,Kabul Small,-
1722,12,AST 18,-
1723,12,AST 19,-
1724,12,Papatla,-
1725,12,Sinna Ponni,-
1726,12,Super Ponni,-
1727,12,TY 01,-
1728,176,Kinnow,Small
1729,3,Indian,Medium
1730,16,Hybrid Yellow (Cattle Feed),-
1731,28,S-30,-
1732,12,TKM 9,-
1733,289,Other,-
1734,290,Other,-
1735,40,Culture,-
1736,50,VRI - 1,-
1737,16,Hybrid Red (Cattle Feed),-
1738,12,Co. 43,-
1739,229,Other,-
1740,291,Other,Medium
1741,209,Other,Medium
1742,12,Surekha,-
1743,60,Talu,-
1744,12,Vijaya Masuri,-
1745,47,Cotton (Unginned),Medium
1746,40,I.R. 50,-
1747,12,Ratnachudi (718 5-749),-
1748,12,Ratna,-
1749,60,Dry Chillies,-
1750,12,I.R.-64,-
1751,20,Lok-1 Best,-
1752,274,Other,Medium
1753,292,Other,Medium
1754,12,Nauti Bale,Large
1755,12,Pachha Bale,Large
1756,12,White,Large
1757,12,Coarse,Medium
1758,21,Pusa Basmati Raw (Old),Medium
1759,12,Hybrid/Local,-
1760,64,Bhindi,Small
1761,5,Local,Small
1762,165,Other,Small
1763,44,Grade-III,-
1764,39,Hybrid,Large
1765,125,Hosur Red,-
1766,114,Nendra Bale,Small
1767,12,Palayamthodan,Small
1768,12,RSS-4,-
1769,293,Other,-
1770,294,Other,-
1771,249,Broken Rice,-
1772,258,Local,-
1773,250,Egg,-
1774,6,Sikkim Mandrin,Small
1775,47,lra (Unginned),-
1776,295,Other,-
1777,63,Red,Medium
1778,12,Crushing,-
1779,12,PBW-34,-
1780,263,Firewood,Medium
1781,208,Eucalyptus,Medium
1782,296,Other,Medium
1783,40,I.R. 8,-
1784,114,Banana - Ripe,Small
1785,47,LH-1556,Large
1786,50,Balli/Habbu,Large
1787,14,Jowar ( White),Large
1788,63,Fine,Medium
1789,40,Paddy Dappa,Small
1790,12,Rajahamsa,Small
1791,12,Sadharan,Medium
1792,12,Sweet Corn (For Biscuits),-
1793,196,Navane Hybrid,Medium
1794,55,Achhu,Small
1795,47,Other,Medium
1796,12,Local,Small
1797,208,Other,Large
1798,197,Fine New,-
